,Plate,t,Replicate,TempLevel,Positions,OD,Position,Community,Evo_Treatment,Media,Stress,Id,Diversity_Level,Rep
473,P1,0,B,20,2,0.0543,B2,1,Non_evo,1,Control,NA,2,NA
474,P1,0,C,20,2,0.0451,C2,1,Non_evo,2,pH,NA,2,NA
475,P1,0,D,20,2,0.0626,D2,1,Non_evo,3,Sal,NA,2,NA
476,P1,0,E,20,2,0.0594,E2,1,Non_evo,4,pH_Sal,NA,2,NA
477,P1,2,B,20,2,0.824,B2,1,Non_evo,1,Control,NA,2,NA
478,P1,2,C,20,2,0.7945,C2,1,Non_evo,2,pH,NA,2,NA
479,P1,2,D,20,2,0.6657,D2,1,Non_evo,3,Sal,NA,2,NA
480,P1,2,E,20,2,0.7078,E2,1,Non_evo,4,pH_Sal,NA,2,NA
481,P1,0,B,38,2,0.075,B2,1,Non_evo,1,Temp,NA,2,NA
482,P1,0,C,38,2,0.0471,C2,1,Non_evo,2,pH_Temp,NA,2,NA
483,P1,0,D,38,2,0.0532,D2,1,Non_evo,3,Sal_Temp,NA,2,NA
484,P1,0,E,38,2,0.0534,E2,1,Non_evo,4,pH_Sal_Temp,NA,2,NA
485,P1,2,B,38,2,0.2434,B2,1,Non_evo,1,Temp,NA,2,NA
486,P1,2,C,38,2,0.1523,C2,1,Non_evo,2,pH_Temp,NA,2,NA
487,P1,2,D,38,2,0.2699,D2,1,Non_evo,3,Sal_Temp,NA,2,NA
488,P1,2,E,38,2,0.2248,E2,1,Non_evo,4,pH_Sal_Temp,NA,2,NA
439,P8,0,B,20,4,0.0587,B4,1,NA,1,Control,NA,2,NA
440,P8,0,C,20,4,0.061,C4,1,NA,4,pH_Sal,NA,2,NA
441,P8,2,B,20,4,0.8857,B4,1,NA,1,Control,NA,2,NA
442,P8,2,C,20,4,0.7413,C4,1,NA,4,pH_Sal,NA,2,NA
489,P1,0,B,20,4,0.0616,B4,2,Non_evo,1,Control,NA,2,NA
490,P1,0,C,20,4,0.0637,C4,2,Non_evo,2,pH,NA,2,NA
491,P1,0,D,20,4,0.0599,D4,2,Non_evo,3,Sal,NA,2,NA
492,P1,0,E,20,4,0.0562,E4,2,Non_evo,4,pH_Sal,NA,2,NA
493,P1,2,B,20,4,1.2023,B4,2,Non_evo,1,Control,NA,2,NA
494,P1,2,C,20,4,1.2651,C4,2,Non_evo,2,pH,NA,2,NA
495,P1,2,D,20,4,0.6634,D4,2,Non_evo,3,Sal,NA,2,NA
497,P1,0,B,38,4,0.0582,B4,2,Non_evo,1,Temp,NA,2,NA
498,P1,0,C,38,4,0.0668,C4,2,Non_evo,2,pH_Temp,NA,2,NA
499,P1,0,D,38,4,0.0556,D4,2,Non_evo,3,Sal_Temp,NA,2,NA
500,P1,0,E,38,4,0.0577,E4,2,Non_evo,4,pH_Sal_Temp,NA,2,NA
501,P1,2,B,38,4,1.0419,B4,2,Non_evo,1,Temp,NA,2,NA
502,P1,2,C,38,4,1.1281,C4,2,Non_evo,2,pH_Temp,NA,2,NA
503,P1,2,D,38,4,0.5565,D4,2,Non_evo,3,Sal_Temp,NA,2,NA
504,P1,2,E,38,4,0.5464,E4,2,Non_evo,4,pH_Sal_Temp,NA,2,NA
729,P5,0,B,20,2,0.0697,B2,2,Non_evo,4,pH_Sal,NA,2,NA
731,P5,2,B,20,2,0.7724,B2,2,Non_evo,4,pH_Sal,NA,2,NA
505,P1,0,B,20,6,0.0633,B6,3,Non_evo,1,Control,NA,2,NA
506,P1,0,C,20,6,0.0459,C6,3,Non_evo,2,pH,NA,2,NA
507,P1,0,D,20,6,0.0675,D6,3,Non_evo,3,Sal,NA,2,NA
508,P1,0,E,20,6,0.0641,E6,3,Non_evo,4,pH_Sal,NA,2,NA
509,P1,2,B,20,6,0.6297,B6,3,Non_evo,1,Control,NA,2,NA
510,P1,2,C,20,6,0.8387,C6,3,Non_evo,2,pH,NA,2,NA
511,P1,2,D,20,6,0.6974,D6,3,Non_evo,3,Sal,NA,2,NA
512,P1,2,E,20,6,0.6395,E6,3,Non_evo,4,pH_Sal,NA,2,NA
513,P1,0,B,38,6,0.0544,B6,3,Non_evo,1,Temp,NA,2,NA
514,P1,0,C,38,6,0.0499,C6,3,Non_evo,2,pH_Temp,NA,2,NA
515,P1,0,D,38,6,0.0656,D6,3,Non_evo,3,Sal_Temp,NA,2,NA
516,P1,0,E,38,6,0.0545,E6,3,Non_evo,4,pH_Sal_Temp,NA,2,NA
517,P1,2,B,38,6,0.04,B6,3,Non_evo,1,Temp,NA,2,NA
518,P1,2,C,38,6,0.04,C6,3,Non_evo,2,pH_Temp,NA,2,NA
519,P1,2,D,38,6,0.1853,D6,3,Non_evo,3,Sal_Temp,NA,2,NA
520,P1,2,E,38,6,0.0822,E6,3,Non_evo,4,pH_Sal_Temp,NA,2,NA
443,P8,0,B,20,5,0.0704,B5,3,NA,1,Control,NA,2,NA
444,P8,0,D,20,5,0.0544,D5,3,NA,4,pH_Sal,NA,2,NA
445,P8,2,B,20,5,0.5609,B5,3,NA,1,Control,NA,2,NA
446,P8,2,D,20,5,0.6414,D5,3,NA,4,pH_Sal,NA,2,NA
537,P2,0,B,20,2,0.0723,B2,4,Non_evo,1,Control,NA,2,NA
538,P2,0,C,20,2,0.04,C2,4,Non_evo,2,pH,NA,2,NA
539,P2,0,D,20,2,0.0695,D2,4,Non_evo,3,Sal,NA,2,NA
540,P2,0,E,20,2,0.0644,E2,4,Non_evo,4,pH_Sal,NA,2,NA
541,P2,2,B,20,2,0.7242,B2,4,Non_evo,1,Control,NA,2,NA
544,P2,2,E,20,2,0.4073,E2,4,Non_evo,4,pH_Sal,NA,2,NA
545,P2,0,B,38,2,0.057,B2,4,Non_evo,1,Temp,NA,2,NA
546,P2,0,C,38,2,0.04,C2,4,Non_evo,2,pH_Temp,NA,2,NA
547,P2,0,D,38,2,0.0562,D2,4,Non_evo,3,Sal_Temp,NA,2,NA
548,P2,0,E,38,2,0.043,E2,4,Non_evo,4,pH_Sal_Temp,NA,2,NA
549,P2,2,B,38,2,0.1157,B2,4,Non_evo,1,Temp,NA,2,NA
550,P2,2,C,38,2,0.04,C2,4,Non_evo,2,pH_Temp,NA,2,NA
551,P2,2,D,38,2,0.2061,D2,4,Non_evo,3,Sal_Temp,NA,2,NA
552,P2,2,E,38,2,0.04,E2,4,Non_evo,4,pH_Sal_Temp,NA,2,NA
730,P5,0,D,20,2,0.0789,D2,4,Non_evo,3,Sal,NA,2,NA
732,P5,2,D,20,2,0.6693,D2,4,Non_evo,3,Sal,NA,2,NA
1315,P2,2,C,20,3,0.4451,C3,4,Non_evo,2,pH,NA,2,NA
553,P2,0,B,20,4,0.0659,B4,5,Non_evo,1,Control,NA,2,NA
554,P2,0,C,20,4,0.0686,C4,5,Non_evo,2,pH,NA,2,NA
555,P2,0,D,20,4,0.0704,D4,5,Non_evo,3,Sal,NA,2,NA
556,P2,0,E,20,4,0.0615,E4,5,Non_evo,4,pH_Sal,NA,2,NA
557,P2,2,B,20,4,0.8518,B4,5,Non_evo,1,Control,NA,2,NA
558,P2,2,C,20,4,0.9114,C4,5,Non_evo,2,pH,NA,2,NA
559,P2,2,D,20,4,0.3589,D4,5,Non_evo,3,Sal,NA,2,NA
561,P2,0,B,38,4,0.0578,B4,5,Non_evo,1,Temp,NA,2,NA
562,P2,0,C,38,4,0.0661,C4,5,Non_evo,2,pH_Temp,NA,2,NA
563,P2,0,D,38,4,0.0492,D4,5,Non_evo,3,Sal_Temp,NA,2,NA
564,P2,0,E,38,4,0.0525,E4,5,Non_evo,4,pH_Sal_Temp,NA,2,NA
565,P2,2,B,38,4,0.5547,B4,5,Non_evo,1,Temp,NA,2,NA
566,P2,2,C,38,4,0.5941,C4,5,Non_evo,2,pH_Temp,NA,2,NA
567,P2,2,D,38,4,0.2645,D4,5,Non_evo,3,Sal_Temp,NA,2,NA
568,P2,2,E,38,4,0.1588,E4,5,Non_evo,4,pH_Sal_Temp,NA,2,NA
733,P5,0,B,20,4,0.0719,B4,5,Non_evo,4,pH_Sal,NA,2,NA
734,P5,2,B,20,4,0.4718,B4,5,Non_evo,4,pH_Sal,NA,2,NA
569,P2,0,B,20,6,0.0705,B6,6,Non_evo,1,Control,NA,2,NA
570,P2,0,C,20,6,0.0654,C6,6,Non_evo,2,pH,NA,2,NA
571,P2,0,D,20,6,0.0733,D6,6,Non_evo,3,Sal,NA,2,NA
572,P2,0,E,20,6,0.0701,E6,6,Non_evo,4,pH_Sal,NA,2,NA
573,P2,2,B,20,6,0.6405,B6,6,Non_evo,1,Control,NA,2,NA
574,P2,2,C,20,6,0.592,C6,6,Non_evo,2,pH,NA,2,NA
575,P2,2,D,20,6,0.4538,D6,6,Non_evo,3,Sal,NA,2,NA
576,P2,2,E,20,6,0.4688,E6,6,Non_evo,4,pH_Sal,NA,2,NA
577,P2,0,B,38,6,0.0643,B6,6,Non_evo,1,Temp,NA,2,NA
578,P2,0,C,38,6,0.0569,C6,6,Non_evo,2,pH_Temp,NA,2,NA
579,P2,0,D,38,6,0.0536,D6,6,Non_evo,3,Sal_Temp,NA,2,NA
580,P2,0,E,38,6,0.0531,E6,6,Non_evo,4,pH_Sal_Temp,NA,2,NA
581,P2,2,B,38,6,0.0491,B6,6,Non_evo,1,Temp,NA,2,NA
582,P2,2,C,38,6,0.04,C6,6,Non_evo,2,pH_Temp,NA,2,NA
583,P2,2,D,38,6,0.0474,D6,6,Non_evo,3,Sal_Temp,NA,2,NA
584,P2,2,E,38,6,0.0636,E6,6,Non_evo,4,pH_Sal_Temp,NA,2,NA
601,P3,0,B,20,2,0.066,B2,7,Non_evo,1,Control,NA,4,NA
602,P3,0,C,20,2,0.0599,C2,7,Non_evo,2,pH,NA,4,NA
603,P3,0,D,20,2,0.0676,D2,7,Non_evo,3,Sal,NA,4,NA
604,P3,0,E,20,2,0.0624,E2,7,Non_evo,4,pH_Sal,NA,4,NA
605,P3,2,B,20,2,0.7942,B2,7,Non_evo,1,Control,NA,4,NA
606,P3,2,C,20,2,0.8581,C2,7,Non_evo,2,pH,NA,4,NA
607,P3,2,D,20,2,0.6221,D2,7,Non_evo,3,Sal,NA,4,NA
608,P3,2,E,20,2,0.6062,E2,7,Non_evo,4,pH_Sal,NA,4,NA
633,P3,0,B,38,2,0.0632,B2,7,Non_evo,1,Temp,NA,4,NA
634,P3,0,C,38,2,0.0554,C2,7,Non_evo,2,pH_Temp,NA,4,NA
635,P3,0,D,38,2,0.0535,D2,7,Non_evo,3,Sal_Temp,NA,4,NA
636,P3,0,E,38,2,0.0525,E2,7,Non_evo,4,pH_Sal_Temp,NA,4,NA
637,P3,2,B,38,2,0.5272,B2,7,Non_evo,1,Temp,NA,4,NA
638,P3,2,C,38,2,0.6149,C2,7,Non_evo,2,pH_Temp,NA,4,NA
639,P3,2,D,38,2,0.2395,D2,7,Non_evo,3,Sal_Temp,NA,4,NA
640,P3,2,E,38,2,0.0976,E2,7,Non_evo,4,pH_Sal_Temp,NA,4,NA
1314,P3,2,B,38,5,0.8133,B5,8,Non_evo,1,Temp,NA,2,NA
609,P3,0,B,20,4,0.0604,B4,8,Non_evo,1,Control,NA,4,NA
610,P3,0,C,20,4,0.0608,C4,8,Non_evo,2,pH,NA,4,NA
611,P3,0,D,20,4,0.0639,D4,8,Non_evo,3,Sal,NA,4,NA
612,P3,0,E,20,4,0.0612,E4,8,Non_evo,4,pH_Sal,NA,4,NA
613,P3,2,B,20,4,0.9384,B4,8,Non_evo,1,Control,NA,4,NA
614,P3,2,C,20,4,0.8981,C4,8,Non_evo,2,pH,NA,4,NA
615,P3,2,D,20,4,0.681,D4,8,Non_evo,3,Sal,NA,4,NA
616,P3,2,E,20,4,0.6809,E4,8,Non_evo,4,pH_Sal,NA,4,NA
641,P3,0,B,38,4,0.0458,B4,8,Non_evo,1,Temp,NA,4,NA
642,P3,0,C,38,4,0.0557,C4,8,Non_evo,2,pH_Temp,NA,4,NA
643,P3,0,D,38,4,0.0527,D4,8,Non_evo,3,Sal_Temp,NA,4,NA
644,P3,0,E,38,4,0.0547,E4,8,Non_evo,4,pH_Sal_Temp,NA,4,NA
646,P3,2,C,38,4,0.9526,C4,8,Non_evo,2,pH_Temp,NA,4,NA
647,P3,2,D,38,4,0.3738,D4,8,Non_evo,3,Sal_Temp,NA,4,NA
648,P3,2,E,38,4,0.3782,E4,8,Non_evo,4,pH_Sal_Temp,NA,4,NA
617,P3,0,B,20,5,0.0617,B5,9,Non_evo,1,Control,NA,4,NA
618,P3,0,C,20,5,0.0423,C5,9,Non_evo,2,pH,NA,4,NA
619,P3,0,D,20,5,0.0624,D5,9,Non_evo,3,Sal,NA,4,NA
620,P3,0,E,20,5,0.0579,E5,9,Non_evo,4,pH_Sal,NA,4,NA
621,P3,2,B,20,5,0.7116,B5,9,Non_evo,1,Control,NA,4,NA
622,P3,2,C,20,5,0.8885,C5,9,Non_evo,2,pH,NA,4,NA
623,P3,2,D,20,5,0.6384,D5,9,Non_evo,3,Sal,NA,4,NA
624,P3,2,E,20,5,0.5758,E5,9,Non_evo,4,pH_Sal,NA,4,NA
649,P3,0,B,38,6,0.0601,B6,9,Non_evo,1,Temp,NA,4,NA
650,P3,0,C,38,6,0.044,C6,9,Non_evo,2,pH_Temp,NA,4,NA
651,P3,0,D,38,6,0.0602,D6,9,Non_evo,3,Sal_Temp,NA,4,NA
652,P3,0,E,38,6,0.0481,E6,9,Non_evo,4,pH_Sal_Temp,NA,4,NA
653,P3,2,B,38,6,0.2905,B6,9,Non_evo,1,Temp,NA,4,NA
654,P3,2,C,38,6,0.0999,C6,9,Non_evo,2,pH_Temp,NA,4,NA
655,P3,2,D,38,6,0.2111,D6,9,Non_evo,3,Sal_Temp,NA,4,NA
656,P3,2,E,38,6,0.1075,E6,9,Non_evo,4,pH_Sal_Temp,NA,4,NA
665,P4,0,B,20,3,0.0537,B3,10,Non_evo,1,Control,NA,4,NA
666,P4,0,C,20,3,0.0542,C3,10,Non_evo,2,pH,NA,4,NA
667,P4,0,D,20,3,0.0701,D3,10,Non_evo,3,Sal,NA,4,NA
668,P4,0,E,20,3,0.0662,E3,10,Non_evo,4,pH_Sal,NA,4,NA
669,P4,2,B,20,3,0.8001,B3,10,Non_evo,1,Control,NA,4,NA
670,P4,2,C,20,3,0.8464,C3,10,Non_evo,2,pH,NA,4,NA
671,P4,2,D,20,3,0.639,D3,10,Non_evo,3,Sal,NA,4,NA
672,P4,2,E,20,3,0.6723,E3,10,Non_evo,4,pH_Sal,NA,4,NA
697,P4,0,B,38,2,0.0584,B2,10,Non_evo,1,Temp,NA,4,NA
698,P4,0,C,38,2,0.0504,C2,10,Non_evo,2,pH_Temp,NA,4,NA
699,P4,0,D,38,2,0.0519,D2,10,Non_evo,3,Sal_Temp,NA,4,NA
700,P4,0,E,38,2,0.0519,E2,10,Non_evo,4,pH_Sal_Temp,NA,4,NA
701,P4,2,B,38,2,0.1446,B2,10,Non_evo,1,Temp,NA,4,NA
702,P4,2,C,38,2,0.1331,C2,10,Non_evo,2,pH_Temp,NA,4,NA
703,P4,2,D,38,2,0.1924,D2,10,Non_evo,3,Sal_Temp,NA,4,NA
704,P4,2,E,38,2,0.1906,E2,10,Non_evo,4,pH_Sal_Temp,NA,4,NA
673,P4,0,B,20,4,0.0698,B4,11,Non_evo,1,Control,NA,4,NA
674,P4,0,C,20,4,0.0592,C4,11,Non_evo,2,pH,NA,4,NA
675,P4,0,D,20,4,0.0652,D4,11,Non_evo,3,Sal,NA,4,NA
676,P4,0,E,20,4,0.0617,E4,11,Non_evo,4,pH_Sal,NA,4,NA
677,P4,2,B,20,4,0.919,B4,11,Non_evo,1,Control,NA,4,NA
678,P4,2,C,20,4,1.0873,C4,11,Non_evo,2,pH,NA,4,NA
679,P4,2,D,20,4,0.6498,D4,11,Non_evo,3,Sal,NA,4,NA
680,P4,2,E,20,4,0.5696,E4,11,Non_evo,4,pH_Sal,NA,4,NA
705,P4,0,B,38,4,0.0629,B4,11,Non_evo,1,Temp,NA,4,NA
706,P4,0,C,38,4,0.0654,C4,11,Non_evo,2,pH_Temp,NA,4,NA
707,P4,0,D,38,4,0.0599,D4,11,Non_evo,3,Sal_Temp,NA,4,NA
708,P4,0,E,38,4,0.057,E4,11,Non_evo,4,pH_Sal_Temp,NA,4,NA
709,P4,2,B,38,4,0.8628,B4,11,Non_evo,1,Temp,NA,4,NA
710,P4,2,C,38,4,0.9494,C4,11,Non_evo,2,pH_Temp,NA,4,NA
711,P4,2,D,38,4,0.5221,D4,11,Non_evo,3,Sal_Temp,NA,4,NA
712,P4,2,E,38,4,0.5406,E4,11,Non_evo,4,pH_Sal_Temp,NA,4,NA
681,P4,0,B,20,6,0.0695,B6,12,Non_evo,1,Control,NA,4,NA
682,P4,0,C,20,6,0.0625,C6,12,Non_evo,2,pH,NA,4,NA
683,P4,0,D,20,6,0.0685,D6,12,Non_evo,3,Sal,NA,4,NA
684,P4,0,E,20,6,0.0625,E6,12,Non_evo,4,pH_Sal,NA,4,NA
685,P4,2,B,20,6,0.6602,B6,12,Non_evo,1,Control,NA,4,NA
686,P4,2,C,20,6,0.6122,C6,12,Non_evo,2,pH,NA,4,NA
687,P4,2,D,20,6,0.6223,D6,12,Non_evo,3,Sal,NA,4,NA
688,P4,2,E,20,6,0.5574,E6,12,Non_evo,4,pH_Sal,NA,4,NA
713,P4,0,B,38,6,0.057,B6,12,Non_evo,1,Temp,NA,4,NA
714,P4,0,C,38,6,0.0522,C6,12,Non_evo,2,pH_Temp,NA,4,NA
715,P4,0,D,38,6,0.0516,D6,12,Non_evo,3,Sal_Temp,NA,4,NA
716,P4,0,E,38,6,0.0464,E6,12,Non_evo,4,pH_Sal_Temp,NA,4,NA
717,P4,2,B,38,6,0.0501,B6,12,Non_evo,1,Temp,NA,4,NA
718,P4,2,C,38,6,0.0442,C6,12,Non_evo,2,pH_Temp,NA,4,NA
719,P4,2,D,38,6,0.1768,D6,12,Non_evo,3,Sal_Temp,NA,4,NA
720,P4,2,E,38,6,0.0694,E6,12,Non_evo,4,pH_Sal_Temp,NA,4,NA
1,P1,0,B,20,2,0.0644,B2,13,Non_evo,2,pH,NA,8,NA
3,P1,0,B,38,2,0.058,B2,13,Non_evo,2,pH_Temp,NA,8,NA
5,P1,2,B,20,2,0.8193,B2,13,Non_evo,2,pH,NA,8,NA
7,P1,2,B,38,2,1.0318,B2,13,Non_evo,2,pH_Temp,NA,8,NA
9,P1,0,B,20,3,0.0635,B3,13,Evo,2,pH,NA,8,NA
11,P1,0,B,38,3,0.0589,B3,13,Evo,2,pH_Temp,NA,8,NA
13,P1,2,B,20,3,0.809,B3,13,Evo,2,pH,NA,8,NA
15,P1,2,B,38,3,1.1241,B3,13,Evo,2,pH_Temp,NA,8,NA
113,P1,0,B,20,2,0.0777,B2,13,Non_evo,1,Control,NA,8,NA
114,P1,0,D,20,2,0.0765,D2,13,Non_evo,3,Sal,NA,8,NA
115,P1,0,E,20,2,0.0693,E2,13,Non_evo,4,pH_Sal,NA,8,NA
116,P1,2,B,20,2,0.737,B2,13,Non_evo,1,Control,NA,8,NA
117,P1,2,D,20,2,0.6304,D2,13,Non_evo,3,Sal,NA,8,NA
118,P1,2,E,20,2,0.6251,E2,13,Non_evo,4,pH_Sal,NA,8,NA
137,P2,0,D,38,2,0.0545,D2,13,Non_evo,3,Sal_Temp,NA,8,NA
138,P2,0,E,38,2,0.048,E2,13,Non_evo,4,pH_Sal_Temp,NA,8,NA
139,P2,2,D,38,2,0.2476,D2,13,Non_evo,3,Sal_Temp,NA,8,NA
140,P2,2,E,38,2,0.0868,E2,13,Non_evo,4,pH_Sal_Temp,NA,8,NA
249,P4,0,B,20,2,0.0815,B2,13,Evo,1,Control,NA,8,NA
250,P4,0,D,20,2,0.0782,D2,13,Evo,3,Sal,NA,8,NA
251,P4,0,E,20,2,0.0704,E2,13,Evo,4,pH_Sal,NA,8,NA
252,P4,2,B,20,2,0.8183,B2,13,Evo,1,Control,NA,8,NA
253,P4,2,D,20,2,0.652,D2,13,Evo,3,Sal,NA,8,NA
254,P4,2,E,20,2,0.6701,E2,13,Evo,4,pH_Sal,NA,8,NA
273,P4,0,D,38,2,0.0574,D2,13,Evo,3,Sal_Temp,NA,8,NA
274,P4,0,E,38,2,0.0505,E2,13,Evo,4,pH_Sal_Temp,NA,8,NA
275,P4,2,D,38,2,0.5572,D2,13,Evo,3,Sal_Temp,NA,8,NA
276,P4,2,E,38,2,0.5426,E2,13,Evo,4,pH_Sal_Temp,NA,8,NA
451,P8,0,B,38,2,0.0666,B2,13,Non_evo,1,Temp,NA,8,NA
452,P8,2,B,38,2,0.883,B2,13,Non_evo,1,Temp,NA,8,NA
453,P8,0,B,38,4,0.0642,B4,13,Evo,1,Temp,NA,8,NA
454,P8,2,B,38,4,0.9634,B4,13,Evo,1,Temp,NA,8,NA
17,P1,0,B,20,5,0.0654,B5,14,Non_evo,2,pH,NA,8,NA
19,P1,0,B,38,5,0.056,B5,14,Non_evo,2,pH_Temp,NA,8,NA
21,P1,2,B,20,5,0.7382,B5,14,Non_evo,2,pH,NA,8,NA
23,P1,2,B,38,5,1.0251,B5,14,Non_evo,2,pH_Temp,NA,8,NA
25,P1,0,B,20,6,0.0652,B6,14,Evo,2,pH,NA,8,NA
27,P1,0,B,38,6,0.0572,B6,14,Evo,2,pH_Temp,NA,8,NA
29,P1,2,B,20,6,0.7435,B6,14,Evo,2,pH,NA,8,NA
31,P1,2,B,38,6,1.0981,B6,14,Evo,2,pH_Temp,NA,8,NA
119,P1,0,B,20,4,0.0741,B4,14,Non_evo,1,Control,NA,8,NA
120,P1,0,D,20,4,0.0736,D4,14,Non_evo,3,Sal,NA,8,NA
121,P1,0,E,20,4,0.0668,E4,14,Non_evo,4,pH_Sal,NA,8,NA
122,P1,2,B,20,4,0.7669,B4,14,Non_evo,1,Control,NA,8,NA
123,P1,2,D,20,4,0.7343,D4,14,Non_evo,3,Sal,NA,8,NA
124,P1,2,E,20,4,0.5371,E4,14,Non_evo,4,pH_Sal,NA,8,NA
255,P4,0,B,20,4,0.0768,B4,14,Evo,1,Control,NA,8,NA
256,P4,0,D,20,4,0.0756,D4,14,Evo,3,Sal,NA,8,NA
257,P4,0,E,20,4,0.0669,E4,14,Evo,4,pH_Sal,NA,8,NA
258,P4,2,B,20,4,0.7689,B4,14,Evo,1,Control,NA,8,NA
259,P4,2,D,20,4,0.752,D4,14,Evo,3,Sal,NA,8,NA
260,P4,2,E,20,4,0.5824,E4,14,Evo,4,pH_Sal,NA,8,NA
455,P8,0,B,38,6,0.0668,B6,14,Non_evo,1,Temp,NA,8,NA
456,P8,0,D,38,6,0.0512,D6,14,Non_evo,3,Sal_Temp,NA,8,NA
457,P8,0,E,38,6,0.0511,E6,14,Non_evo,4,pH_Sal_Temp,NA,8,NA
458,P8,2,B,38,6,0.8424,B6,14,Non_evo,1,Temp,NA,8,NA
459,P8,2,D,38,6,0.4942,D6,14,Non_evo,3,Sal_Temp,NA,8,NA
460,P8,2,E,38,6,0.5754,E6,14,Non_evo,4,pH_Sal_Temp,NA,8,NA
461,P8,0,B,38,7,0.0632,B7,14,Evo,1,Temp,NA,8,NA
462,P8,0,D,38,7,0.0501,D7,14,Evo,3,Sal_Temp,NA,8,NA
463,P8,0,E,38,7,0.0516,E7,14,Evo,4,pH_Sal_Temp,NA,8,NA
464,P8,2,B,38,7,0.8918,B7,14,Evo,1,Temp,NA,8,NA
465,P8,2,D,38,7,0.5011,D7,14,Evo,3,Sal_Temp,NA,8,NA
466,P8,2,E,38,7,0.5908,E7,14,Evo,4,pH_Sal_Temp,NA,8,NA
2,P1,0,D,20,2,0.0582,D2,15,Non_evo,2,pH,NA,8,NA
4,P1,0,D,38,2,0.056,D2,15,Non_evo,2,pH_Temp,NA,8,NA
6,P1,2,D,20,2,0.8864,D2,15,Non_evo,2,pH,NA,8,NA
8,P1,2,D,38,2,1.005,D2,15,Non_evo,2,pH_Temp,NA,8,NA
10,P1,0,D,20,3,0.0589,D3,15,Evo,2,pH,NA,8,NA
12,P1,0,D,38,3,0.0571,D3,15,Evo,2,pH_Temp,NA,8,NA
14,P1,2,D,20,3,0.8956,D3,15,Evo,2,pH,NA,8,NA
16,P1,2,D,38,3,1.0711,D3,15,Evo,2,pH_Temp,NA,8,NA
125,P1,0,B,20,6,0.0702,B6,15,Non_evo,1,Control,NA,8,NA
126,P1,0,D,20,6,0.0741,D6,15,Non_evo,3,Sal,NA,8,NA
127,P1,0,E,20,6,0.0654,E6,15,Non_evo,4,pH_Sal,NA,8,NA
128,P1,2,B,20,6,0.8375,B6,15,Non_evo,1,Control,NA,8,NA
129,P1,2,D,20,6,0.715,D6,15,Non_evo,3,Sal,NA,8,NA
130,P1,2,E,20,6,0.6714,E6,15,Non_evo,4,pH_Sal,NA,8,NA
141,P2,0,B,38,6,0.0575,B6,15,Non_evo,1,Temp,NA,8,NA
142,P2,0,D,38,6,0.0544,D6,15,Non_evo,3,Sal_Temp,NA,8,NA
143,P2,0,E,38,6,0.0539,E6,15,Non_evo,4,pH_Sal_Temp,NA,8,NA
144,P2,2,B,38,6,0.68,B6,15,Non_evo,1,Temp,NA,8,NA
145,P2,2,D,38,6,0.3615,D6,15,Non_evo,3,Sal_Temp,NA,8,NA
146,P2,2,E,38,6,0.3815,E6,15,Non_evo,4,pH_Sal_Temp,NA,8,NA
261,P4,0,B,20,6,0.0736,B6,15,Evo,1,Control,NA,8,NA
262,P4,0,D,20,6,0.0771,D6,15,Evo,3,Sal,NA,8,NA
263,P4,0,E,20,6,0.0669,E6,15,Evo,4,pH_Sal,NA,8,NA
264,P4,2,B,20,6,0.8894,B6,15,Evo,1,Control,NA,8,NA
265,P4,2,D,20,6,0.7176,D6,15,Evo,3,Sal,NA,8,NA
266,P4,2,E,20,6,0.6765,E6,15,Evo,4,pH_Sal,NA,8,NA
277,P4,0,B,38,6,0.0606,B6,15,Evo,1,Temp,NA,8,NA
278,P4,0,D,38,6,0.057,D6,15,Evo,3,Sal_Temp,NA,8,NA
279,P4,0,E,38,6,0.0511,E6,15,Evo,4,pH_Sal_Temp,NA,8,NA
280,P4,2,B,38,6,0.8703,B6,15,Evo,1,Temp,NA,8,NA
281,P4,2,D,38,6,0.3767,D6,15,Evo,3,Sal_Temp,NA,8,NA
282,P4,2,E,38,6,0.3942,E6,15,Evo,4,pH_Sal_Temp,NA,8,NA
18,P1,0,D,20,5,0.0606,D5,16,Non_evo,2,pH,NA,8,NA
20,P1,0,D,38,5,0.0552,D5,16,Non_evo,2,pH_Temp,NA,8,NA
22,P1,2,D,20,5,0.8298,D5,16,Non_evo,2,pH,NA,8,NA
24,P1,2,D,38,5,0.6013,D5,16,Non_evo,2,pH_Temp,NA,8,NA
26,P1,0,D,20,6,0.0595,D6,16,Evo,2,pH,NA,8,NA
28,P1,0,D,38,6,0.0559,D6,16,Evo,2,pH_Temp,NA,8,NA
30,P1,2,D,20,6,0.848,D6,16,Evo,2,pH,NA,8,NA
32,P1,2,D,38,6,0.8952,D6,16,Evo,2,pH_Temp,NA,8,NA
153,P2,0,B,20,2,0.0796,B2,16,Non_evo,1,Control,NA,8,NA
154,P2,0,D,20,2,0.0763,D2,16,Non_evo,3,Sal,NA,8,NA
155,P2,0,E,20,2,0.0675,E2,16,Non_evo,4,pH_Sal,NA,8,NA
156,P2,0,B,38,2,0.0623,B2,16,Non_evo,1,Temp,NA,8,NA
157,P2,0,D,38,2,0.0545,D2,16,Non_evo,3,Sal_Temp,NA,8,NA
158,P2,0,E,38,2,0.048,E2,16,Non_evo,4,pH_Sal_Temp,NA,8,NA
159,P2,2,B,20,2,0.8063,B2,16,Non_evo,1,Control,NA,8,NA
160,P2,2,D,20,2,0.7252,D2,16,Non_evo,3,Sal,NA,8,NA
161,P2,2,E,20,2,0.6892,E2,16,Non_evo,4,pH_Sal,NA,8,NA
162,P2,2,B,38,2,0.5237,B2,16,Non_evo,1,Temp,NA,8,NA
163,P2,2,D,38,2,0.2476,D2,16,Non_evo,3,Sal_Temp,NA,8,NA
164,P2,2,E,38,2,0.0868,E2,16,Non_evo,4,pH_Sal_Temp,NA,8,NA
289,P5,0,B,20,2,0.0825,B2,16,Evo,1,Control,NA,8,NA
290,P5,0,D,20,2,0.0772,D2,16,Evo,3,Sal,NA,8,NA
291,P5,0,E,20,2,0.0677,E2,16,Evo,4,pH_Sal,NA,8,NA
292,P5,0,B,38,2,0.061,B2,16,Evo,1,Temp,NA,8,NA
293,P5,0,D,38,2,0.0542,D2,16,Evo,3,Sal_Temp,NA,8,NA
294,P5,0,E,38,2,0.0482,E2,16,Evo,4,pH_Sal_Temp,NA,8,NA
295,P5,2,B,20,2,0.8125,B2,16,Evo,1,Control,NA,8,NA
296,P5,2,D,20,2,0.7466,D2,16,Evo,3,Sal,NA,8,NA
297,P5,2,E,20,2,0.6868,E2,16,Evo,4,pH_Sal,NA,8,NA
298,P5,2,B,38,2,0.9448,B2,16,Evo,1,Temp,NA,8,NA
299,P5,2,D,38,2,0.2419,D2,16,Evo,3,Sal_Temp,NA,8,NA
300,P5,2,E,38,2,0.1274,E2,16,Evo,4,pH_Sal_Temp,NA,8,NA
41,P2,0,B,20,2,0.0626,B2,17,Non_evo,2,pH,NA,8,NA
43,P2,0,B,38,2,0.0576,B2,17,Non_evo,2,pH_Temp,NA,8,NA
45,P2,2,B,20,2,0.8051,B2,17,Non_evo,2,pH,NA,8,NA
47,P2,2,B,38,2,0.9951,B2,17,Non_evo,2,pH_Temp,NA,8,NA
49,P2,0,B,20,3,0.0628,B3,17,Evo,2,pH,NA,8,NA
51,P2,0,B,38,3,0.0586,B3,17,Evo,2,pH_Temp,NA,8,NA
53,P2,2,B,20,3,0.8002,B3,17,Evo,2,pH,NA,8,NA
55,P2,2,B,38,3,1.0807,B3,17,Evo,2,pH_Temp,NA,8,NA
165,P2,0,B,20,4,0.0685,B4,17,Non_evo,1,Control,NA,8,NA
166,P2,0,D,20,4,0.0705,D4,17,Non_evo,3,Sal,NA,8,NA
167,P2,0,E,20,4,0.0668,E4,17,Non_evo,4,pH_Sal,NA,8,NA
168,P2,0,B,38,4,0.0597,B4,17,Non_evo,1,Temp,NA,8,NA
169,P2,0,D,38,4,0.0517,D4,17,Non_evo,3,Sal_Temp,NA,8,NA
170,P2,0,E,38,4,0.0516,E4,17,Non_evo,4,pH_Sal_Temp,NA,8,NA
171,P2,2,B,20,4,0.7896,B4,17,Non_evo,1,Control,NA,8,NA
172,P2,2,D,20,4,0.7375,D4,17,Non_evo,3,Sal,NA,8,NA
173,P2,2,E,20,4,0.7222,E4,17,Non_evo,4,pH_Sal,NA,8,NA
174,P2,2,B,38,4,0.7422,B4,17,Non_evo,1,Temp,NA,8,NA
175,P2,2,D,38,4,0.3738,D4,17,Non_evo,3,Sal_Temp,NA,8,NA
176,P2,2,E,38,4,0.3848,E4,17,Non_evo,4,pH_Sal_Temp,NA,8,NA
301,P5,0,B,20,4,0.0717,B4,17,Evo,1,Control,NA,8,NA
302,P5,0,D,20,4,0.0711,D4,17,Evo,3,Sal,NA,8,NA
303,P5,0,E,20,4,0.0668,E4,17,Evo,4,pH_Sal,NA,8,NA
304,P5,0,B,38,4,0.058,B4,17,Evo,1,Temp,NA,8,NA
305,P5,0,D,38,4,0.0508,D4,17,Evo,3,Sal_Temp,NA,8,NA
306,P5,0,E,38,4,0.0517,E4,17,Evo,4,pH_Sal_Temp,NA,8,NA
307,P5,2,B,20,4,0.7801,B4,17,Evo,1,Control,NA,8,NA
308,P5,2,D,20,4,0.7342,D4,17,Evo,3,Sal,NA,8,NA
309,P5,2,E,20,4,0.7256,E4,17,Evo,4,pH_Sal,NA,8,NA
310,P5,2,B,38,4,0.8248,B4,17,Evo,1,Temp,NA,8,NA
311,P5,2,D,38,4,0.3632,D4,17,Evo,3,Sal_Temp,NA,8,NA
312,P5,2,E,38,4,0.3997,E4,17,Evo,4,pH_Sal_Temp,NA,8,NA
57,P2,0,B,20,5,0.0667,B5,18,Non_evo,2,pH,NA,8,NA
59,P2,0,B,38,5,0.0562,B5,18,Non_evo,2,pH_Temp,NA,8,NA
61,P2,2,B,20,5,0.8562,B5,18,Non_evo,2,pH,NA,8,NA
63,P2,2,B,38,5,0.9791,B5,18,Non_evo,2,pH_Temp,NA,8,NA
65,P2,0,B,20,6,0.0659,B6,18,Evo,2,pH,NA,8,NA
67,P2,0,B,38,6,0.0572,B6,18,Evo,2,pH_Temp,NA,8,NA
69,P2,2,B,20,6,0.9062,B6,18,Evo,2,pH,NA,8,NA
71,P2,2,B,38,6,1.0911,B6,18,Evo,2,pH_Temp,NA,8,NA
177,P2,0,B,20,6,0.0744,B6,18,Non_evo,1,Control,NA,8,NA
178,P2,0,D,20,6,0.079,D6,18,Non_evo,3,Sal,NA,8,NA
179,P2,0,E,20,6,0.0725,E6,18,Non_evo,4,pH_Sal,NA,8,NA
180,P2,0,B,38,6,0.0575,B6,18,Non_evo,1,Temp,NA,8,NA
181,P2,0,D,38,6,0.0544,D6,18,Non_evo,3,Sal_Temp,NA,8,NA
182,P2,0,E,38,6,0.0539,E6,18,Non_evo,4,pH_Sal_Temp,NA,8,NA
183,P2,2,B,20,6,0.8715,B6,18,Non_evo,1,Control,NA,8,NA
184,P2,2,D,20,6,0.7159,D6,18,Non_evo,3,Sal,NA,8,NA
185,P2,2,E,20,6,0.6673,E6,18,Non_evo,4,pH_Sal,NA,8,NA
186,P2,2,B,38,6,0.68,B6,18,Non_evo,1,Temp,NA,8,NA
187,P2,2,D,38,6,0.3615,D6,18,Non_evo,3,Sal_Temp,NA,8,NA
188,P2,2,E,38,6,0.3815,E6,18,Non_evo,4,pH_Sal_Temp,NA,8,NA
313,P5,0,B,20,6,0.0775,B6,18,Evo,1,Control,NA,8,NA
314,P5,0,D,20,6,0.0808,D6,18,Evo,3,Sal,NA,8,NA
315,P5,0,E,20,6,0.0742,E6,18,Evo,4,pH_Sal,NA,8,NA
316,P5,0,B,38,6,0.0587,B6,18,Evo,1,Temp,NA,8,NA
317,P5,0,D,38,6,0.0538,D6,18,Evo,3,Sal_Temp,NA,8,NA
318,P5,0,E,38,6,0.0527,E6,18,Evo,4,pH_Sal_Temp,NA,8,NA
319,P5,2,B,20,6,0.886,B6,18,Evo,1,Control,NA,8,NA
320,P5,2,D,20,6,0.7127,D6,18,Evo,3,Sal,NA,8,NA
321,P5,2,E,20,6,0.675,E6,18,Evo,4,pH_Sal,NA,8,NA
322,P5,2,B,38,6,0.8146,B6,18,Evo,1,Temp,NA,8,NA
323,P5,2,D,38,6,0.8504,D6,18,Evo,3,Sal_Temp,NA,8,NA
324,P5,2,E,38,6,0.4204,E6,18,Evo,4,pH_Sal_Temp,NA,8,NA
42,P2,0,D,20,2,0.0596,D2,19,Non_evo,2,pH,NA,8,NA
44,P2,0,D,38,2,0.0527,D2,19,Non_evo,2,pH_Temp,NA,8,NA
46,P2,2,D,20,2,0.8047,D2,19,Non_evo,2,pH,NA,8,NA
48,P2,2,D,38,2,0.9862,D2,19,Non_evo,2,pH_Temp,NA,8,NA
50,P2,0,D,20,3,0.0607,D3,19,Evo,2,pH,NA,8,NA
52,P2,0,D,38,3,0.0542,D3,19,Evo,2,pH_Temp,NA,8,NA
54,P2,2,D,20,3,0.8214,D3,19,Evo,2,pH,NA,8,NA
56,P2,2,D,38,3,1.0529,D3,19,Evo,2,pH_Temp,NA,8,NA
201,P3,0,B,20,2,0.07,B2,19,Non_evo,1,Control,NA,8,NA
202,P3,0,D,20,2,0.0743,D2,19,Non_evo,3,Sal,NA,8,NA
203,P3,0,E,20,2,0.0692,E2,19,Non_evo,4,pH_Sal,NA,8,NA
204,P3,2,B,20,2,0.7914,B2,19,Non_evo,1,Control,NA,8,NA
205,P3,2,D,20,2,0.6984,D2,19,Non_evo,3,Sal,NA,8,NA
206,P3,2,E,20,2,0.6344,E2,19,Non_evo,4,pH_Sal,NA,8,NA
225,P3,0,D,38,2,0.0549,D2,19,Non_evo,3,Sal_Temp,NA,8,NA
226,P3,0,E,38,2,0.0518,E2,19,Non_evo,4,pH_Sal_Temp,NA,8,NA
227,P3,2,D,38,2,0.4083,D2,19,Non_evo,3,Sal_Temp,NA,8,NA
228,P3,2,E,38,2,0.4368,E2,19,Non_evo,4,pH_Sal_Temp,NA,8,NA
229,P3,0,B,38,3,0.0598,B3,19,Non_evo,1,Temp,NA,8,NA
230,P3,2,B,38,3,0.7668,B3,19,Non_evo,1,Temp,NA,8,NA
337,P6,0,B,20,2,0.0721,B2,19,Evo,1,Control,NA,8,NA
338,P6,0,D,20,2,0.0763,D2,19,Evo,3,Sal,NA,8,NA
339,P6,0,E,20,2,0.0706,E2,19,Evo,4,pH_Sal,NA,8,NA
340,P6,0,B,38,2,0.059,B2,19,Evo,1,Temp,NA,8,NA
341,P6,0,D,38,2,0.0545,D2,19,Evo,3,Sal_Temp,NA,8,NA
342,P6,0,E,38,2,0.0521,E2,19,Evo,4,pH_Sal_Temp,NA,8,NA
343,P6,2,B,20,2,0.837,B2,19,Evo,1,Control,NA,8,NA
344,P6,2,D,20,2,0.7048,D2,19,Evo,3,Sal,NA,8,NA
345,P6,2,E,20,2,0.6584,E2,19,Evo,4,pH_Sal,NA,8,NA
346,P6,2,B,38,2,0.8323,B2,19,Evo,1,Temp,NA,8,NA
347,P6,2,D,38,2,0.3713,D2,19,Evo,3,Sal_Temp,NA,8,NA
348,P6,2,E,38,2,0.3929,E2,19,Evo,4,pH_Sal_Temp,NA,8,NA
58,P2,0,D,20,5,0.0604,D5,20,Non_evo,2,pH,NA,8,NA
60,P2,0,D,38,5,0.0534,D5,20,Non_evo,2,pH_Temp,NA,8,NA
62,P2,2,D,20,5,0.7191,D5,20,Non_evo,2,pH,NA,8,NA
64,P2,2,D,38,5,1.0401,D5,20,Non_evo,2,pH_Temp,NA,8,NA
66,P2,0,D,20,6,0.0598,D6,20,Evo,2,pH,NA,8,NA
68,P2,0,D,38,6,0.0533,D6,20,Evo,2,pH_Temp,NA,8,NA
70,P2,2,D,20,6,0.7551,D6,20,Evo,2,pH,NA,8,NA
72,P2,2,D,38,6,1.0937,D6,20,Evo,2,pH_Temp,NA,8,NA
207,P3,0,B,20,4,0.0751,B4,20,Non_evo,1,Control,NA,8,NA
208,P3,0,D,20,4,0.0787,D4,20,Non_evo,3,Sal,NA,8,NA
209,P3,0,E,20,4,0.07,E4,20,Non_evo,4,pH_Sal,NA,8,NA
210,P3,2,B,20,4,0.7185,B4,20,Non_evo,1,Control,NA,8,NA
211,P3,2,D,20,4,0.7863,D4,20,Non_evo,3,Sal,NA,8,NA
212,P3,2,E,20,4,0.6516,E4,20,Non_evo,4,pH_Sal,NA,8,NA
231,P3,0,B,38,4,0.0568,B4,20,Non_evo,1,Temp,NA,8,NA
232,P3,0,D,38,4,0.0581,D4,20,Non_evo,3,Sal_Temp,NA,8,NA
233,P3,0,E,38,4,0.0514,E4,20,Non_evo,4,pH_Sal_Temp,NA,8,NA
234,P3,2,B,38,4,0.8435,B4,20,Non_evo,1,Temp,NA,8,NA
235,P3,2,D,38,4,0.4893,D4,20,Non_evo,3,Sal_Temp,NA,8,NA
236,P3,2,E,38,4,0.5283,E4,20,Non_evo,4,pH_Sal_Temp,NA,8,NA
349,P6,0,B,20,4,0.0787,B4,20,Evo,1,Control,NA,8,NA
350,P6,0,D,20,4,0.081,D4,20,Evo,3,Sal,NA,8,NA
351,P6,0,E,20,4,0.0702,E4,20,Evo,4,pH_Sal,NA,8,NA
352,P6,0,B,38,4,0.0556,B4,20,Evo,1,Temp,NA,8,NA
353,P6,0,D,38,4,0.058,D4,20,Evo,3,Sal_Temp,NA,8,NA
354,P6,0,E,38,4,0.0516,E4,20,Evo,4,pH_Sal_Temp,NA,8,NA
355,P6,2,B,20,4,0.8266,B4,20,Evo,1,Control,NA,8,NA
356,P6,2,D,20,4,0.7782,D4,20,Evo,3,Sal,NA,8,NA
357,P6,2,E,20,4,0.6726,E4,20,Evo,4,pH_Sal,NA,8,NA
358,P6,2,B,38,4,0.9212,B4,20,Evo,1,Temp,NA,8,NA
359,P6,2,D,38,4,0.5169,D4,20,Evo,3,Sal_Temp,NA,8,NA
360,P6,2,E,38,4,0.6076,E4,20,Evo,4,pH_Sal_Temp,NA,8,NA
81,P3,0,B,20,2,0.0597,B2,21,Non_evo,2,pH,NA,8,NA
83,P3,0,B,38,2,0.0502,B2,21,Non_evo,2,pH_Temp,NA,8,NA
85,P3,2,B,20,2,0.8388,B2,21,Non_evo,2,pH,NA,8,NA
87,P3,2,B,38,2,0.5622,B2,21,Non_evo,2,pH_Temp,NA,8,NA
89,P3,0,B,20,3,0.0595,B3,21,Evo,2,pH,NA,8,NA
91,P3,0,B,38,3,0.0515,B3,21,Evo,2,pH_Temp,NA,8,NA
93,P3,2,B,20,3,0.8533,B3,21,Evo,2,pH,NA,8,NA
95,P3,2,B,38,3,0.8842,B3,21,Evo,2,pH_Temp,NA,8,NA
213,P3,0,B,20,6,0.0755,B6,21,Non_evo,1,Control,NA,8,NA
214,P3,0,D,20,6,0.0757,D6,21,Non_evo,3,Sal,NA,8,NA
215,P3,0,E,20,6,0.0682,E6,21,Non_evo,4,pH_Sal,NA,8,NA
216,P3,2,B,20,6,0.8162,B6,21,Non_evo,1,Control,NA,8,NA
217,P3,2,D,20,6,0.6776,D6,21,Non_evo,3,Sal,NA,8,NA
218,P3,2,E,20,6,0.6332,E6,21,Non_evo,4,pH_Sal,NA,8,NA
237,P3,0,B,38,6,0.0581,B6,21,Non_evo,1,Temp,NA,8,NA
238,P3,0,D,38,6,0.0568,D6,21,Non_evo,3,Sal_Temp,NA,8,NA
239,P3,0,E,38,6,0.0479,E6,21,Non_evo,4,pH_Sal_Temp,NA,8,NA
240,P3,2,B,38,6,0.3232,B6,21,Non_evo,1,Temp,NA,8,NA
241,P3,2,D,38,6,0.2107,D6,21,Non_evo,3,Sal_Temp,NA,8,NA
242,P3,2,E,38,6,0.1268,E6,21,Non_evo,4,pH_Sal_Temp,NA,8,NA
361,P6,0,B,20,6,0.0782,B6,21,Evo,1,Control,NA,8,NA
362,P6,0,D,20,6,0.0786,D6,21,Evo,3,Sal,NA,8,NA
363,P6,0,E,20,6,0.069,E6,21,Evo,4,pH_Sal,NA,8,NA
364,P6,0,B,38,6,0.0569,B6,21,Evo,1,Temp,NA,8,NA
365,P6,0,D,38,6,0.0558,D6,21,Evo,3,Sal_Temp,NA,8,NA
366,P6,0,E,38,6,0.0487,E6,21,Evo,4,pH_Sal_Temp,NA,8,NA
367,P6,2,B,20,6,0.8259,B6,21,Evo,1,Control,NA,8,NA
368,P6,2,D,20,6,0.6917,D6,21,Evo,3,Sal,NA,8,NA
369,P6,2,E,20,6,0.65,E6,21,Evo,4,pH_Sal,NA,8,NA
370,P6,2,B,38,6,0.6368,B6,21,Evo,1,Temp,NA,8,NA
371,P6,2,D,38,6,0.2489,D6,21,Evo,3,Sal_Temp,NA,8,NA
372,P6,2,E,38,6,0.1813,E6,21,Evo,4,pH_Sal_Temp,NA,8,NA
97,P3,0,B,20,5,0.0583,B5,22,Non_evo,2,pH,NA,8,NA
98,P3,0,B,38,5,0.0549,B5,22,Non_evo,2,pH_Temp,NA,8,NA
99,P3,2,B,20,5,0.8819,B5,22,Non_evo,2,pH,NA,8,NA
100,P3,2,B,38,5,0.5731,B5,22,Non_evo,2,pH_Temp,NA,8,NA
101,P3,0,B,20,6,0.0585,B6,22,Evo,2,pH,NA,8,NA
102,P3,0,B,38,6,0.0564,B6,22,Evo,2,pH_Temp,NA,8,NA
103,P3,2,B,20,6,0.8622,B6,22,Evo,2,pH,NA,8,NA
104,P3,2,B,38,6,0.9675,B6,22,Evo,2,pH_Temp,NA,8,NA
385,P7,0,B,20,2,0.0747,B2,22,Non_evo,1,Control,NA,8,NA
386,P7,0,D,20,2,0.0777,D2,22,Non_evo,3,Sal,NA,8,NA
387,P7,0,E,20,2,0.0719,E2,22,Non_evo,4,pH_Sal,NA,8,NA
388,P7,2,B,20,2,0.83,B2,22,Non_evo,1,Control,NA,8,NA
389,P7,2,D,20,2,0.6756,D2,22,Non_evo,3,Sal,NA,8,NA
390,P7,2,E,20,2,0.6997,E2,22,Non_evo,4,pH_Sal,NA,8,NA
409,P7,0,B,38,2,0.061,B2,22,Non_evo,1,Temp,NA,8,NA
410,P7,0,D,38,2,0.0548,D2,22,Non_evo,3,Sal_Temp,NA,8,NA
411,P7,0,E,38,2,0.0496,E2,22,Non_evo,4,pH_Sal_Temp,NA,8,NA
412,P7,2,B,38,2,0.3168,B2,22,Non_evo,1,Temp,NA,8,NA
413,P7,2,D,38,2,0.2285,D2,22,Non_evo,3,Sal_Temp,NA,8,NA
414,P7,2,E,38,2,0.148,E2,22,Non_evo,4,pH_Sal_Temp,NA,8,NA
415,P7,0,B,38,4,0.0576,B4,22,Evo,1,Temp,NA,8,NA
416,P7,0,D,38,4,0.0535,D4,22,Evo,3,Sal_Temp,NA,8,NA
417,P7,0,E,38,4,0.0498,E4,22,Evo,4,pH_Sal_Temp,NA,8,NA
418,P7,2,B,38,4,0.6792,B4,22,Evo,1,Temp,NA,8,NA
419,P7,2,D,38,4,0.2434,D4,22,Evo,3,Sal_Temp,NA,8,NA
420,P7,2,E,38,4,0.1915,E4,22,Evo,4,pH_Sal_Temp,NA,8,NA
433,P8,0,B,20,2,0.0784,B2,22,Evo,1,Control,NA,8,NA
434,P8,0,D,20,2,0.0795,D2,22,Evo,3,Sal,NA,8,NA
435,P8,0,E,20,2,0.0712,E2,22,Evo,4,pH_Sal,NA,8,NA
436,P8,2,B,20,2,0.836,B2,22,Evo,1,Control,NA,8,NA
437,P8,2,D,20,2,0.7132,D2,22,Evo,3,Sal,NA,8,NA
438,P8,2,E,20,2,0.7038,E2,22,Evo,4,pH_Sal,NA,8,NA
33,P1,0,B,20,8,NA,B8,Blank,NA,2,pH,NA,NA,NA
34,P1,0,D,20,8,NA,D8,Blank,NA,2,pH,NA,NA,NA
35,P1,0,B,38,8,NA,B8,Blank,NA,2,pH_Temp,NA,NA,NA
36,P1,0,D,38,8,NA,D8,Blank,NA,2,pH_Temp,NA,NA,NA
37,P1,2,B,20,8,NA,B8,Blank,NA,2,pH,NA,NA,NA
38,P1,2,D,20,8,NA,D8,Blank,NA,2,pH,NA,NA,NA
39,P1,2,B,38,8,NA,B8,Blank,NA,2,pH_Temp,NA,NA,NA
40,P1,2,D,38,8,0.5244,D8,Blank,NA,2,pH_Temp,NA,NA,NA
73,P2,0,B,20,8,NA,B8,Blank,NA,2,pH,NA,NA,NA
74,P2,0,D,20,8,NA,D8,Blank,NA,2,pH,NA,NA,NA
75,P2,0,B,38,8,NA,B8,Blank,NA,2,pH_Temp,NA,NA,NA
76,P2,0,D,38,8,NA,D8,Blank,NA,2,pH_Temp,NA,NA,NA
77,P2,2,B,20,8,NA,B8,Blank,NA,2,pH,NA,NA,NA
78,P2,2,D,20,8,NA,D8,Blank,NA,2,pH,NA,NA,NA
79,P2,2,B,38,8,NA,B8,Blank,NA,2,pH_Temp,NA,NA,NA
80,P2,2,D,38,8,NA,D8,Blank,NA,2,pH_Temp,NA,NA,NA
105,P3,0,B,20,8,NA,B8,Blank,NA,2,pH,NA,NA,NA
106,P3,0,D,20,8,NA,D8,Blank,NA,2,pH,NA,NA,NA
107,P3,0,B,38,8,NA,B8,Blank,NA,2,pH_Temp,NA,NA,NA
108,P3,0,D,38,8,NA,D8,Blank,NA,2,pH_Temp,NA,NA,NA
109,P3,2,B,20,8,NA,B8,Blank,NA,2,pH,NA,NA,NA
110,P3,2,D,20,8,NA,D8,Blank,NA,2,pH,NA,NA,NA
111,P3,2,B,38,8,NA,B8,Blank,NA,2,pH_Temp,NA,NA,NA
112,P3,2,D,38,8,NA,D8,Blank,NA,2,pH_Temp,NA,NA,NA
131,P1,0,B,20,8,NA,B8,Blank,NA,1,Control,NA,NA,NA
132,P1,0,D,20,8,NA,D8,Blank,NA,3,Sal,NA,NA,NA
133,P1,0,E,20,8,NA,E8,Blank,NA,4,pH_Sal,NA,NA,NA
134,P1,2,B,20,8,NA,B8,Blank,NA,1,Control,NA,NA,NA
135,P1,2,D,20,8,NA,D8,Blank,NA,3,Sal,NA,NA,NA
136,P1,2,E,20,8,NA,E8,Blank,NA,4,pH_Sal,NA,NA,NA
147,P2,0,B,38,8,NA,B8,Blank,NA,1,Temp,NA,NA,NA
148,P2,0,D,38,8,NA,D8,Blank,NA,3,Sal_Temp,NA,NA,NA
149,P2,0,E,38,8,NA,E8,Blank,NA,4,pH_Sal_Temp,NA,NA,NA
150,P2,2,B,38,8,NA,B8,Blank,NA,1,Temp,NA,NA,NA
151,P2,2,D,38,8,NA,D8,Blank,NA,3,Sal_Temp,NA,NA,NA
152,P2,2,E,38,8,NA,E8,Blank,NA,4,pH_Sal_Temp,NA,NA,NA
189,P2,0,B,20,8,NA,B8,Blank,NA,1,Control,NA,NA,NA
190,P2,0,D,20,8,NA,D8,Blank,NA,3,Sal,NA,NA,NA
191,P2,0,E,20,8,NA,E8,Blank,NA,4,pH_Sal,NA,NA,NA
192,P2,0,B,38,8,NA,B8,Blank,NA,1,Temp,NA,NA,NA
193,P2,0,D,38,8,NA,D8,Blank,NA,3,Sal_Temp,NA,NA,NA
194,P2,0,E,38,8,NA,E8,Blank,NA,4,pH_Sal_Temp,NA,NA,NA
195,P2,2,B,20,8,NA,B8,Blank,NA,1,Control,NA,NA,NA
196,P2,2,D,20,8,NA,D8,Blank,NA,3,Sal,NA,NA,NA
197,P2,2,E,20,8,NA,E8,Blank,NA,4,pH_Sal,NA,NA,NA
198,P2,2,B,38,8,NA,B8,Blank,NA,1,Temp,NA,NA,NA
199,P2,2,D,38,8,NA,D8,Blank,NA,3,Sal_Temp,NA,NA,NA
200,P2,2,E,38,8,NA,E8,Blank,NA,4,pH_Sal_Temp,NA,NA,NA
219,P3,0,B,20,8,NA,B8,Blank,NA,1,Control,NA,NA,NA
220,P3,0,D,20,8,NA,D8,Blank,NA,3,Sal,NA,NA,NA
221,P3,0,E,20,8,NA,E8,Blank,NA,4,pH_Sal,NA,NA,NA
222,P3,2,B,20,8,NA,B8,Blank,NA,1,Control,NA,NA,NA
223,P3,2,D,20,8,NA,D8,Blank,NA,3,Sal,NA,NA,NA
224,P3,2,E,20,8,NA,E8,Blank,NA,4,pH_Sal,NA,NA,NA
243,P3,0,B,38,8,NA,B8,Blank,NA,1,Temp,NA,NA,NA
244,P3,0,D,38,8,NA,D8,Blank,NA,3,Sal_Temp,NA,NA,NA
245,P3,0,E,38,8,NA,E8,Blank,NA,4,pH_Sal_Temp,NA,NA,NA
246,P3,2,B,38,8,NA,B8,Blank,NA,1,Temp,NA,NA,NA
247,P3,2,D,38,8,NA,D8,Blank,NA,3,Sal_Temp,NA,NA,NA
248,P3,2,E,38,8,NA,E8,Blank,NA,4,pH_Sal_Temp,NA,NA,NA
267,P4,0,B,20,8,NA,B8,Blank,NA,1,Control,NA,NA,NA
268,P4,0,D,20,8,NA,D8,Blank,NA,3,Sal,NA,NA,NA
269,P4,0,E,20,8,NA,E8,Blank,NA,4,pH_Sal,NA,NA,NA
270,P4,2,B,20,8,NA,B8,Blank,NA,1,Control,NA,NA,NA
271,P4,2,D,20,8,NA,D8,Blank,NA,3,Sal,NA,NA,NA
272,P4,2,E,20,8,NA,E8,Blank,NA,4,pH_Sal,NA,NA,NA
283,P4,0,B,38,8,NA,B8,Blank,NA,1,Temp,NA,NA,NA
284,P4,0,D,38,8,NA,D8,Blank,NA,3,Sal_Temp,NA,NA,NA
285,P4,0,E,38,8,NA,E8,Blank,NA,4,pH_Sal_Temp,NA,NA,NA
286,P4,2,B,38,8,NA,B8,Blank,NA,1,Temp,NA,NA,NA
287,P4,2,D,38,8,NA,D8,Blank,NA,3,Sal_Temp,NA,NA,NA
288,P4,2,E,38,8,NA,E8,Blank,NA,4,pH_Sal_Temp,NA,NA,NA
325,P5,0,B,20,8,NA,B8,Blank,NA,1,Control,NA,NA,NA
326,P5,0,D,20,8,NA,D8,Blank,NA,3,Sal,NA,NA,NA
327,P5,0,E,20,8,NA,E8,Blank,NA,4,pH_Sal,NA,NA,NA
328,P5,0,B,38,8,NA,B8,Blank,NA,1,Temp,NA,NA,NA
329,P5,0,D,38,8,NA,D8,Blank,NA,3,Sal_Temp,NA,NA,NA
330,P5,0,E,38,8,NA,E8,Blank,NA,4,pH_Sal_Temp,NA,NA,NA
331,P5,2,B,20,8,NA,B8,Blank,NA,1,Control,NA,NA,NA
332,P5,2,D,20,8,NA,D8,Blank,NA,3,Sal,NA,NA,NA
333,P5,2,E,20,8,NA,E8,Blank,NA,4,pH_Sal,NA,NA,NA
334,P5,2,B,38,8,NA,B8,Blank,NA,1,Temp,NA,NA,NA
335,P5,2,D,38,8,NA,D8,Blank,NA,3,Sal_Temp,NA,NA,NA
336,P5,2,E,38,8,NA,E8,Blank,NA,4,pH_Sal_Temp,NA,NA,NA
373,P6,0,B,20,8,NA,B8,Blank,NA,1,Control,NA,NA,NA
374,P6,0,D,20,8,NA,D8,Blank,NA,3,Sal,NA,NA,NA
375,P6,0,E,20,8,NA,E8,Blank,NA,4,pH_Sal,NA,NA,NA
376,P6,0,B,38,8,NA,B8,Blank,NA,1,Temp,NA,NA,NA
377,P6,0,D,38,8,NA,D8,Blank,NA,3,Sal_Temp,NA,NA,NA
378,P6,0,E,38,8,NA,E8,Blank,NA,4,pH_Sal_Temp,NA,NA,NA
379,P6,2,B,20,8,NA,B8,Blank,NA,1,Control,NA,NA,NA
380,P6,2,D,20,8,NA,D8,Blank,NA,3,Sal,NA,NA,NA
381,P6,2,E,20,8,NA,E8,Blank,NA,4,pH_Sal,NA,NA,NA
382,P6,2,B,38,8,NA,B8,Blank,NA,1,Temp,NA,NA,NA
383,P6,2,D,38,8,NA,D8,Blank,NA,3,Sal_Temp,NA,NA,NA
384,P6,2,E,38,8,NA,E8,Blank,NA,4,pH_Sal_Temp,NA,NA,NA
403,P7,0,B,20,8,NA,B8,Blank,NA,1,Control,NA,NA,NA
404,P7,0,D,20,8,NA,D8,Blank,NA,3,Sal,NA,NA,NA
405,P7,0,E,20,8,NA,E8,Blank,NA,4,pH_Sal,NA,NA,NA
406,P7,2,B,20,8,NA,B8,Blank,NA,1,Control,NA,NA,NA
407,P7,2,D,20,8,NA,D8,Blank,NA,3,Sal,NA,NA,NA
408,P7,2,E,20,8,NA,E8,Blank,NA,4,pH_Sal,NA,NA,NA
447,P8,0,D,20,8,NA,D8,Blank,NA,3,Sal,NA,NA,NA
448,P8,0,E,20,8,NA,E8,Blank,NA,4,pH_Sal,NA,NA,NA
449,P8,2,D,20,8,NA,D8,Blank,NA,3,Sal,NA,NA,NA
450,P8,2,E,20,8,NA,E8,Blank,NA,4,pH_Sal,NA,NA,NA
467,P8,0,B,38,8,NA,B8,Blank,NA,1,Temp,NA,NA,NA
468,P8,0,D,38,8,NA,D8,Blank,NA,3,Sal_Temp,NA,NA,NA
469,P8,0,E,38,8,NA,E8,Blank,NA,4,pH_Sal_Temp,NA,NA,NA
470,P8,2,B,38,8,NA,B8,Blank,NA,1,Temp,NA,NA,NA
471,P8,2,D,38,8,NA,D8,Blank,NA,3,Sal_Temp,NA,NA,NA
472,P8,2,E,38,8,NA,E8,Blank,NA,4,pH_Sal_Temp,NA,NA,NA
521,P1,0,B,20,8,NA,B8,Blank,Non_evo,1,Control,NA,NA,NA
522,P1,0,C,20,8,NA,C8,Blank,Non_evo,2,pH,NA,NA,NA
523,P1,0,D,20,8,NA,D8,Blank,Non_evo,3,Sal,NA,NA,NA
524,P1,0,E,20,8,NA,E8,Blank,Non_evo,4,pH_Sal,NA,NA,NA
525,P1,2,B,20,8,NA,B8,Blank,Non_evo,1,Control,NA,NA,NA
526,P1,2,C,20,8,NA,C8,Blank,Non_evo,2,pH,NA,NA,NA
527,P1,2,D,20,8,NA,D8,Blank,Non_evo,3,Sal,NA,NA,NA
528,P1,2,E,20,8,NA,E8,Blank,Non_evo,4,pH_Sal,NA,NA,NA
529,P1,0,B,38,8,NA,B8,Blank,Non_evo,1,Temp,NA,NA,NA
530,P1,0,C,38,8,NA,C8,Blank,Non_evo,2,pH_Temp,NA,NA,NA
531,P1,0,D,38,8,NA,D8,Blank,Non_evo,3,Sal_Temp,NA,NA,NA
532,P1,0,E,38,8,NA,E8,Blank,Non_evo,4,pH_Sal_Temp,NA,NA,NA
533,P1,2,B,38,8,NA,B8,Blank,Non_evo,1,Temp,NA,NA,NA
534,P1,2,C,38,8,NA,C8,Blank,Non_evo,2,pH_Temp,NA,NA,NA
535,P1,2,D,38,8,NA,D8,Blank,Non_evo,3,Sal_Temp,NA,NA,NA
536,P1,2,E,38,8,NA,E8,Blank,Non_evo,4,pH_Sal_Temp,NA,NA,NA
585,P2,0,B,20,8,NA,B8,Blank,Non_evo,1,Control,NA,NA,NA
586,P2,0,C,20,8,NA,C8,Blank,Non_evo,2,pH,NA,NA,NA
587,P2,0,D,20,8,NA,D8,Blank,Non_evo,3,Sal,NA,NA,NA
588,P2,0,E,20,8,NA,E8,Blank,Non_evo,4,pH_Sal,NA,NA,NA
589,P2,2,B,20,8,NA,B8,Blank,Non_evo,1,Control,NA,NA,NA
590,P2,2,C,20,8,NA,C8,Blank,Non_evo,2,pH,NA,NA,NA
591,P2,2,D,20,8,NA,D8,Blank,Non_evo,3,Sal,NA,NA,NA
592,P2,2,E,20,8,NA,E8,Blank,Non_evo,4,pH_Sal,NA,NA,NA
593,P2,0,B,38,8,NA,B8,Blank,Non_evo,1,Temp,NA,NA,NA
594,P2,0,C,38,8,NA,C8,Blank,Non_evo,2,pH_Temp,NA,NA,NA
595,P2,0,D,38,8,NA,D8,Blank,Non_evo,3,Sal_Temp,NA,NA,NA
596,P2,0,E,38,8,NA,E8,Blank,Non_evo,4,pH_Sal_Temp,NA,NA,NA
597,P2,2,B,38,8,NA,B8,Blank,Non_evo,1,Temp,NA,NA,NA
598,P2,2,C,38,8,NA,C8,Blank,Non_evo,2,pH_Temp,NA,NA,NA
599,P2,2,D,38,8,NA,D8,Blank,Non_evo,3,Sal_Temp,NA,NA,NA
600,P2,2,E,38,8,NA,E8,Blank,Non_evo,4,pH_Sal_Temp,NA,NA,NA
625,P3,0,B,20,8,NA,B8,Blank,Non_evo,1,Control,NA,NA,NA
626,P3,0,C,20,8,NA,C8,Blank,Non_evo,2,pH,NA,NA,NA
627,P3,0,D,20,8,NA,D8,Blank,Non_evo,3,Sal,NA,NA,NA
628,P3,0,E,20,8,NA,E8,Blank,Non_evo,4,pH_Sal,NA,NA,NA
629,P3,2,B,20,8,NA,B8,Blank,Non_evo,1,Control,NA,NA,NA
630,P3,2,C,20,8,NA,C8,Blank,Non_evo,2,pH,NA,NA,NA
631,P3,2,D,20,8,NA,D8,Blank,Non_evo,3,Sal,NA,NA,NA
632,P3,2,E,20,8,NA,E8,Blank,Non_evo,4,pH_Sal,NA,NA,NA
657,P3,0,B,38,8,NA,B8,Blank,Non_evo,1,Temp,NA,NA,NA
658,P3,0,C,38,8,NA,C8,Blank,Non_evo,2,pH_Temp,NA,NA,NA
659,P3,0,D,38,8,NA,D8,Blank,Non_evo,3,Sal_Temp,NA,NA,NA
660,P3,0,E,38,8,NA,E8,Blank,Non_evo,4,pH_Sal_Temp,NA,NA,NA
661,P3,2,B,38,8,NA,B8,Blank,Non_evo,1,Temp,NA,NA,NA
662,P3,2,C,38,8,NA,C8,Blank,Non_evo,2,pH_Temp,NA,NA,NA
663,P3,2,D,38,8,NA,D8,Blank,Non_evo,3,Sal_Temp,NA,NA,NA
664,P3,2,E,38,8,NA,E8,Blank,Non_evo,4,pH_Sal_Temp,NA,NA,NA
689,P4,0,B,20,8,NA,B8,Blank,Non_evo,1,Control,NA,NA,NA
690,P4,0,C,20,8,NA,C8,Blank,Non_evo,2,pH,NA,NA,NA
691,P4,0,D,20,8,NA,D8,Blank,Non_evo,3,Sal,NA,NA,NA
692,P4,0,E,20,8,NA,E8,Blank,Non_evo,4,pH_Sal,NA,NA,NA
693,P4,2,B,20,8,NA,B8,Blank,Non_evo,1,Control,NA,NA,NA
694,P4,2,C,20,8,NA,C8,Blank,Non_evo,2,pH,NA,NA,NA
695,P4,2,D,20,8,NA,D8,Blank,Non_evo,3,Sal,NA,NA,NA
696,P4,2,E,20,8,NA,E8,Blank,Non_evo,4,pH_Sal,NA,NA,NA
721,P4,0,B,38,8,NA,B8,Blank,Non_evo,1,Temp,NA,NA,NA
722,P4,0,C,38,8,NA,C8,Blank,Non_evo,2,pH_Temp,NA,NA,NA
723,P4,0,D,38,8,NA,D8,Blank,Non_evo,3,Sal_Temp,NA,NA,NA
724,P4,0,E,38,8,NA,E8,Blank,Non_evo,4,pH_Sal_Temp,NA,NA,NA
725,P4,2,B,38,8,NA,B8,Blank,Non_evo,1,Temp,NA,NA,NA
726,P4,2,C,38,8,NA,C8,Blank,Non_evo,2,pH_Temp,NA,NA,NA
727,P4,2,D,38,8,NA,D8,Blank,Non_evo,3,Sal_Temp,NA,NA,NA
728,P4,2,E,38,8,NA,E8,Blank,Non_evo,4,pH_Sal_Temp,NA,NA,NA
735,P5,0,B,20,6,NA,B6,Blank,Non_evo,1,Control,NA,NA,NA
736,P5,0,D,20,6,NA,D6,Blank,Non_evo,2,pH,NA,NA,NA
737,P5,2,B,20,6,NA,B6,Blank,Non_evo,1,Control,NA,NA,NA
738,P5,2,D,20,6,NA,D6,Blank,Non_evo,2,pH,NA,NA,NA
82,P3,0,D,20,2,0.084,D2,NA,Evo,2,pH,I20,1,NA
84,P3,0,D,38,2,0.091,D2,NA,Evo,2,pH_Temp,I20,1,NA
86,P3,2,D,20,2,0.9352,D2,NA,Evo,2,pH,I20,1,NA
88,P3,2,D,38,2,0.9289,D2,NA,Evo,2,pH_Temp,I20,1,NA
90,P3,0,D,20,3,0.0847,D3,NA,Evo,2,pH,I20,1,NA
92,P3,0,D,38,3,0.0934,D3,NA,Evo,2,pH_Temp,I20,1,NA
94,P3,2,D,20,3,0.9459,D3,NA,Evo,2,pH,I20,1,NA
96,P3,2,D,38,3,0.9531,D3,NA,Evo,2,pH_Temp,I20,1,NA
391,P7,0,B,20,4,0.1172,B4,NA,Evo,1,Control,I20,1,NA
392,P7,0,C,20,4,0.0914,C4,NA,Evo,3,Sal,I20,1,NA
393,P7,0,E,20,4,0.0788,E4,NA,Evo,4,pH_Sal,I20,1,NA
394,P7,2,B,20,4,0.9604,B4,NA,Evo,1,Control,I20,1,NA
395,P7,2,C,20,4,0.6434,C4,NA,Evo,3,Sal,I20,1,NA
396,P7,2,E,20,4,0.5206,E4,NA,Evo,4,pH_Sal,I20,1,NA
397,P7,0,B,20,5,0.1186,B5,NA,Evo,1,Control,I20,1,NA
398,P7,0,C,20,5,0.0864,C5,NA,Evo,3,Sal,I20,1,NA
399,P7,0,E,20,5,0.079,E5,NA,Evo,4,pH_Sal,I20,1,NA
400,P7,2,B,20,5,0.9704,B5,NA,Evo,1,Control,I20,1,NA
401,P7,2,C,20,5,0.64,C5,NA,Evo,3,Sal,I20,1,NA
402,P7,2,E,20,5,0.5309,E5,NA,Evo,4,pH_Sal,I20,1,NA
421,P7,0,B,38,6,0.0942,B6,NA,Evo,1,Temp,I20,1,NA
422,P7,0,D,38,6,0.0661,D6,NA,Evo,3,Sal_Temp,I20,1,NA
423,P7,0,E,38,6,0.0691,E6,NA,Evo,4,pH_Sal_Temp,I20,1,NA
424,P7,2,B,38,6,1.0135,B6,NA,Evo,1,Temp,I20,1,NA
425,P7,2,D,38,6,0.3692,D6,NA,Evo,3,Sal_Temp,I20,1,NA
426,P7,2,E,38,6,0.1257,E6,NA,Evo,4,pH_Sal_Temp,I20,1,NA
427,P7,0,B,38,7,0.0898,B7,NA,Evo,1,Temp,I20,1,NA
428,P7,0,D,38,7,0.0655,D7,NA,Evo,3,Sal_Temp,I20,1,NA
429,P7,0,E,38,7,0.0696,E7,NA,Evo,4,pH_Sal_Temp,I20,1,NA
430,P7,2,B,38,7,0.8034,B7,NA,Evo,1,Temp,I20,1,NA
431,P7,2,D,38,7,0.342,D7,NA,Evo,3,Sal_Temp,I20,1,NA
432,P7,2,E,38,7,0.1076,E7,NA,Evo,4,pH_Sal_Temp,I20,1,NA
739,P1,0,B,20,2,0.0934,B2,NA,Non_evo,1,Control,I2,1,1
740,P1,0,C,20,2,0.0907,C2,NA,Non_evo,2,pH,I2,1,1
741,P1,0,D,20,2,0.0822,D2,NA,Non_evo,3,Sal,I2,1,1
742,P1,0,E,20,2,0.0806,E2,NA,Non_evo,4,pH_Sal,I2,1,1
743,P1,2,B,20,2,0.5827,B2,NA,Non_evo,1,Control,I2,1,1
744,P1,2,C,20,2,0.6012,C2,NA,Non_evo,2,pH,I2,1,1
745,P1,2,D,20,2,0.5662,D2,NA,Non_evo,3,Sal,I2,1,1
746,P1,2,E,20,2,0.5387,E2,NA,Non_evo,4,pH_Sal,I2,1,1
747,P1,0,B,38,2,0.0423,B2,NA,Non_evo,1,Temp,I2,1,1
748,P1,0,C,38,2,0.04,C2,NA,Non_evo,2,pH_Temp,I2,1,1
749,P1,0,D,38,2,0.054,D2,NA,Non_evo,3,Sal_Temp,I2,1,1
750,P1,0,E,38,2,0.0479,E2,NA,Non_evo,4,pH_Sal_Temp,I2,1,1
751,P1,2,B,38,2,0.0896,B2,NA,Non_evo,1,Temp,I2,1,1
752,P1,2,C,38,2,0.04,C2,NA,Non_evo,2,pH_Temp,I2,1,1
753,P1,2,D,38,2,0.1565,D2,NA,Non_evo,3,Sal_Temp,I2,1,1
754,P1,2,E,38,2,0.0423,E2,NA,Non_evo,4,pH_Sal_Temp,I2,1,1
755,P1,0,B,20,3,0.092,B3,NA,Non_evo,1,Control,I2,1,2
756,P1,0,C,20,3,0.0915,C3,NA,Non_evo,2,pH,I2,1,2
757,P1,0,D,20,3,0.0819,D3,NA,Non_evo,3,Sal,I2,1,2
758,P1,0,E,20,3,0.0803,E3,NA,Non_evo,4,pH_Sal,I2,1,2
759,P1,2,B,20,3,0.583,B3,NA,Non_evo,1,Control,I2,1,2
760,P1,2,C,20,3,0.5867,C3,NA,Non_evo,2,pH,I2,1,2
761,P1,2,D,20,3,0.6012,D3,NA,Non_evo,3,Sal,I2,1,2
762,P1,2,E,20,3,0.5656,E3,NA,Non_evo,4,pH_Sal,I2,1,2
763,P1,0,B,38,3,0.0414,B3,NA,Non_evo,1,Temp,I2,1,2
764,P1,0,C,38,3,0.04,C3,NA,Non_evo,2,pH_Temp,I2,1,2
765,P1,0,D,38,3,0.0536,D3,NA,Non_evo,3,Sal_Temp,I2,1,2
766,P1,0,E,38,3,0.0481,E3,NA,Non_evo,4,pH_Sal_Temp,I2,1,2
767,P1,2,B,38,3,0.0936,B3,NA,Non_evo,1,Temp,I2,1,2
768,P1,2,C,38,3,0.04,C3,NA,Non_evo,2,pH_Temp,I2,1,2
769,P1,2,D,38,3,0.1722,D3,NA,Non_evo,3,Sal_Temp,I2,1,2
770,P1,2,E,38,3,0.0428,E3,NA,Non_evo,4,pH_Sal_Temp,I2,1,2
771,P1,0,B,20,4,0.0915,B4,NA,Non_evo,1,Control,I2,1,3
772,P1,0,C,20,4,0.0909,C4,NA,Non_evo,2,pH,I2,1,3
773,P1,0,D,20,4,0.0764,D4,NA,Non_evo,3,Sal,I2,1,3
774,P1,0,E,20,4,0.0796,E4,NA,Non_evo,4,pH_Sal,I2,1,3
775,P1,2,B,20,4,0.5724,B4,NA,Non_evo,1,Control,I2,1,3
776,P1,2,C,20,4,0.6036,C4,NA,Non_evo,2,pH,I2,1,3
777,P1,2,D,20,4,0.5776,D4,NA,Non_evo,3,Sal,I2,1,3
778,P1,2,E,20,4,0.573,E4,NA,Non_evo,4,pH_Sal,I2,1,3
779,P1,0,B,38,4,0.0403,B4,NA,Non_evo,1,Temp,I2,1,3
780,P1,0,C,38,4,0.04,C4,NA,Non_evo,2,pH_Temp,I2,1,3
781,P1,0,D,38,4,0.0535,D4,NA,Non_evo,3,Sal_Temp,I2,1,3
782,P1,0,E,38,4,0.0468,E4,NA,Non_evo,4,pH_Sal_Temp,I2,1,3
783,P1,2,B,38,4,0.0931,B4,NA,Non_evo,1,Temp,I2,1,3
784,P1,2,C,38,4,0.04,C4,NA,Non_evo,2,pH_Temp,I2,1,3
785,P1,2,D,38,4,0.1922,D4,NA,Non_evo,3,Sal_Temp,I2,1,3
786,P1,2,E,38,4,0.0411,E4,NA,Non_evo,4,pH_Sal_Temp,I2,1,3
787,P2,0,B,20,2,0.0615,B2,NA,Non_evo,1,Control,I9,1,1
788,P2,0,C,20,2,0.064,C2,NA,Non_evo,2,pH,I9,1,1
789,P2,0,D,20,2,0.0694,D2,NA,Non_evo,3,Sal,I9,1,1
790,P2,0,E,20,2,0.0697,E2,NA,Non_evo,4,pH_Sal,I9,1,1
791,P2,2,B,20,2,1.0746,B2,NA,Non_evo,1,Control,I9,1,1
792,P2,2,C,20,2,1.1541,C2,NA,Non_evo,2,pH,I9,1,1
793,P2,2,D,20,2,0.6404,D2,NA,Non_evo,3,Sal,I9,1,1
794,P2,2,E,20,2,0.646,E2,NA,Non_evo,4,pH_Sal,I9,1,1
795,P2,0,B,38,2,0.0739,B2,NA,Non_evo,1,Temp,I9,1,1
796,P2,0,C,38,2,0.0718,C2,NA,Non_evo,2,pH_Temp,I9,1,1
797,P2,0,D,38,2,0.0748,D2,NA,Non_evo,3,Sal_Temp,I9,1,1
798,P2,0,E,38,2,0.0773,E2,NA,Non_evo,4,pH_Sal_Temp,I9,1,1
799,P2,2,B,38,2,1.0803,B2,NA,Non_evo,1,Temp,I9,1,1
800,P2,2,C,38,2,1.1594,C2,NA,Non_evo,2,pH_Temp,I9,1,1
801,P2,2,D,38,2,0.6471,D2,NA,Non_evo,3,Sal_Temp,I9,1,1
802,P2,2,E,38,2,0.6662,E2,NA,Non_evo,4,pH_Sal_Temp,I9,1,1
803,P2,0,B,20,3,0.0619,B3,NA,Non_evo,1,Control,I9,1,2
804,P2,0,C,20,3,0.0643,C3,NA,Non_evo,2,pH,I9,1,2
805,P2,0,D,20,3,0.069,D3,NA,Non_evo,3,Sal,I9,1,2
806,P2,0,E,20,3,0.0709,E3,NA,Non_evo,4,pH_Sal,I9,1,2
807,P2,2,B,20,3,1.0904,B3,NA,Non_evo,1,Control,I9,1,2
808,P2,2,C,20,3,1.264,C3,NA,Non_evo,2,pH,I9,1,2
809,P2,2,D,20,3,0.6529,D3,NA,Non_evo,3,Sal,I9,1,2
810,P2,2,E,20,3,0.645,E3,NA,Non_evo,4,pH_Sal,I9,1,2
811,P2,0,B,38,3,0.0731,B3,NA,Non_evo,1,Temp,I9,1,2
812,P2,0,C,38,3,0.0724,C3,NA,Non_evo,2,pH_Temp,I9,1,2
813,P2,0,D,38,3,0.0747,D3,NA,Non_evo,3,Sal_Temp,I9,1,2
814,P2,0,E,38,3,0.0769,E3,NA,Non_evo,4,pH_Sal_Temp,I9,1,2
815,P2,2,B,38,3,1.0669,B3,NA,Non_evo,1,Temp,I9,1,2
816,P2,2,C,38,3,1.1412,C3,NA,Non_evo,2,pH_Temp,I9,1,2
817,P2,2,D,38,3,0.6326,D3,NA,Non_evo,3,Sal_Temp,I9,1,2
818,P2,2,E,38,3,0.6699,E3,NA,Non_evo,4,pH_Sal_Temp,I9,1,2
819,P2,0,B,20,4,0.0591,B4,NA,Non_evo,1,Control,I9,1,3
820,P2,0,C,20,4,0.0639,C4,NA,Non_evo,2,pH,I9,1,3
821,P2,0,D,20,4,0.0697,D4,NA,Non_evo,3,Sal,I9,1,3
822,P2,0,E,20,4,0.0679,E4,NA,Non_evo,4,pH_Sal,I9,1,3
823,P2,2,B,20,4,1.049,B4,NA,Non_evo,1,Control,I9,1,3
824,P2,2,C,20,4,1.2195,C4,NA,Non_evo,2,pH,I9,1,3
825,P2,2,D,20,4,0.645,D4,NA,Non_evo,3,Sal,I9,1,3
826,P2,2,E,20,4,0.6652,E4,NA,Non_evo,4,pH_Sal,I9,1,3
827,P2,0,B,38,4,0.0718,B4,NA,Non_evo,1,Temp,I9,1,3
828,P2,0,C,38,4,0.071,C4,NA,Non_evo,2,pH_Temp,I9,1,3
829,P2,0,D,38,4,0.0743,D4,NA,Non_evo,3,Sal_Temp,I9,1,3
830,P2,0,E,38,4,0.0774,E4,NA,Non_evo,4,pH_Sal_Temp,I9,1,3
831,P2,2,B,38,4,1.0604,B4,NA,Non_evo,1,Temp,I9,1,3
832,P2,2,C,38,4,1.1473,C4,NA,Non_evo,2,pH_Temp,I9,1,3
833,P2,2,D,38,4,0.633,D4,NA,Non_evo,3,Sal_Temp,I9,1,3
834,P2,2,E,38,4,0.6559,E4,NA,Non_evo,4,pH_Sal_Temp,I9,1,3
835,P3,0,B,20,2,0.0651,B2,NA,Non_evo,1,Control,I15,1,1
836,P3,0,C,20,2,0.0673,C2,NA,Non_evo,2,pH,I15,1,1
837,P3,0,D,20,2,0.0803,D2,NA,Non_evo,3,Sal,I15,1,1
838,P3,0,E,20,2,0.0756,E2,NA,Non_evo,4,pH_Sal,I15,1,1
839,P3,2,B,20,2,0.8273,B2,NA,Non_evo,1,Control,I15,1,1
840,P3,2,C,20,2,0.851,C2,NA,Non_evo,2,pH,I15,1,1
841,P3,2,D,20,2,0.7366,D2,NA,Non_evo,3,Sal,I15,1,1
842,P3,2,E,20,2,0.7363,E2,NA,Non_evo,4,pH_Sal,I15,1,1
843,P3,0,B,38,2,0.0501,B2,NA,Non_evo,1,Temp,I15,1,1
844,P3,0,C,38,2,0.0464,C2,NA,Non_evo,2,pH_Temp,I15,1,1
845,P3,0,D,38,2,0.0599,D2,NA,Non_evo,3,Sal_Temp,I15,1,1
846,P3,0,E,38,2,0.0579,E2,NA,Non_evo,4,pH_Sal_Temp,I15,1,1
847,P3,2,B,38,2,0.0969,B2,NA,Non_evo,1,Temp,I15,1,1
848,P3,2,C,38,2,0.1697,C2,NA,Non_evo,2,pH_Temp,I15,1,1
849,P3,2,D,38,2,0.187,D2,NA,Non_evo,3,Sal_Temp,I15,1,1
850,P3,2,E,38,2,0.2445,E2,NA,Non_evo,4,pH_Sal_Temp,I15,1,1
851,P3,0,B,20,3,0.0645,B3,NA,Non_evo,1,Control,I15,1,2
852,P3,0,C,20,3,0.0675,C3,NA,Non_evo,2,pH,I15,1,2
853,P3,0,D,20,3,0.0798,D3,NA,Non_evo,3,Sal,I15,1,2
854,P3,0,E,20,3,0.0761,E3,NA,Non_evo,4,pH_Sal,I15,1,2
855,P3,2,B,20,3,0.8446,B3,NA,Non_evo,1,Control,I15,1,2
856,P3,2,C,20,3,0.8539,C3,NA,Non_evo,2,pH,I15,1,2
857,P3,2,D,20,3,0.7414,D3,NA,Non_evo,3,Sal,I15,1,2
858,P3,2,E,20,3,0.7313,E3,NA,Non_evo,4,pH_Sal,I15,1,2
859,P3,0,B,38,3,0.0493,B3,NA,Non_evo,1,Temp,I15,1,2
860,P3,0,C,38,3,0.0465,C3,NA,Non_evo,2,pH_Temp,I15,1,2
861,P3,0,D,38,3,0.06,D3,NA,Non_evo,3,Sal_Temp,I15,1,2
862,P3,0,E,38,3,0.058,E3,NA,Non_evo,4,pH_Sal_Temp,I15,1,2
863,P3,2,B,38,3,0.0867,B3,NA,Non_evo,1,Temp,I15,1,2
864,P3,2,C,38,3,0.1757,C3,NA,Non_evo,2,pH_Temp,I15,1,2
865,P3,2,D,38,3,0.2031,D3,NA,Non_evo,3,Sal_Temp,I15,1,2
866,P3,2,E,38,3,0.2486,E3,NA,Non_evo,4,pH_Sal_Temp,I15,1,2
867,P3,0,B,20,4,0.0604,B4,NA,Non_evo,1,Control,I15,1,3
868,P3,0,C,20,4,0.065,C4,NA,Non_evo,2,pH,I15,1,3
869,P3,0,D,20,4,0.0804,D4,NA,Non_evo,3,Sal,I15,1,3
870,P3,0,E,20,4,0.0755,E4,NA,Non_evo,4,pH_Sal,I15,1,3
871,P3,2,B,20,4,0.8156,B4,NA,Non_evo,1,Control,I15,1,3
872,P3,2,C,20,4,0.8616,C4,NA,Non_evo,2,pH,I15,1,3
873,P3,2,D,20,4,0.7393,D4,NA,Non_evo,3,Sal,I15,1,3
874,P3,2,E,20,4,0.7353,E4,NA,Non_evo,4,pH_Sal,I15,1,3
875,P3,0,B,38,4,0.049,B4,NA,Non_evo,1,Temp,I15,1,3
876,P3,0,C,38,4,0.0467,C4,NA,Non_evo,2,pH_Temp,I15,1,3
877,P3,0,D,38,4,0.06,D4,NA,Non_evo,3,Sal_Temp,I15,1,3
878,P3,0,E,38,4,0.0579,E4,NA,Non_evo,4,pH_Sal_Temp,I15,1,3
879,P3,2,B,38,4,0.0802,B4,NA,Non_evo,1,Temp,I15,1,3
880,P3,2,C,38,4,0.1746,C4,NA,Non_evo,2,pH_Temp,I15,1,3
881,P3,2,D,38,4,0.2451,D4,NA,Non_evo,3,Sal_Temp,I15,1,3
882,P3,2,E,38,4,0.2587,E4,NA,Non_evo,4,pH_Sal_Temp,I15,1,3
883,P3,0,B,20,5,0.0797,B5,NA,Non_evo,1,Control,I18,1,1
884,P3,0,C,20,5,0.0719,C5,NA,Non_evo,2,pH,I18,1,1
885,P3,0,D,20,5,0.0727,D5,NA,Non_evo,3,Sal,I18,1,1
886,P3,0,E,20,5,0.0667,E5,NA,Non_evo,4,pH_Sal,I18,1,1
887,P3,2,B,20,5,0.381,B5,NA,Non_evo,1,Control,I18,1,1
888,P3,2,C,20,5,0.1471,C5,NA,Non_evo,2,pH,I18,1,1
889,P3,2,D,20,5,0.3482,D5,NA,Non_evo,3,Sal,I18,1,1
890,P3,2,E,20,5,0.1394,E5,NA,Non_evo,4,pH_Sal,I18,1,1
891,P3,0,B,38,5,0.0624,B5,NA,Non_evo,1,Temp,I18,1,1
892,P3,0,C,38,5,0.0512,C5,NA,Non_evo,2,pH_Temp,I18,1,1
893,P3,0,D,38,5,0.0581,D5,NA,Non_evo,3,Sal_Temp,I18,1,1
894,P3,0,E,38,5,0.0535,E5,NA,Non_evo,4,pH_Sal_Temp,I18,1,1
895,P3,2,B,38,5,0.1155,B5,NA,Non_evo,1,Temp,I18,1,1
896,P3,2,C,38,5,0.0401,C5,NA,Non_evo,2,pH_Temp,I18,1,1
897,P3,2,D,38,5,0.0978,D5,NA,Non_evo,3,Sal_Temp,I18,1,1
898,P3,2,E,38,5,0.04,E5,NA,Non_evo,4,pH_Sal_Temp,I18,1,1
899,P3,0,B,20,6,0.0798,B6,NA,Non_evo,1,Control,I18,1,2
900,P3,0,C,20,6,0.0707,C6,NA,Non_evo,2,pH,I18,1,2
901,P3,0,D,20,6,0.0731,D6,NA,Non_evo,3,Sal,I18,1,2
902,P3,0,E,20,6,0.0666,E6,NA,Non_evo,4,pH_Sal,I18,1,2
903,P3,2,B,20,6,0.3847,B6,NA,Non_evo,1,Control,I18,1,2
904,P3,2,C,20,6,0.1404,C6,NA,Non_evo,2,pH,I18,1,2
905,P3,2,D,20,6,0.3489,D6,NA,Non_evo,3,Sal,I18,1,2
906,P3,2,E,20,6,0.1387,E6,NA,Non_evo,4,pH_Sal,I18,1,2
907,P3,0,B,38,6,0.0639,B6,NA,Non_evo,1,Temp,I18,1,2
908,P3,0,C,38,6,0.0512,C6,NA,Non_evo,2,pH_Temp,I18,1,2
909,P3,0,D,38,6,0.0578,D6,NA,Non_evo,3,Sal_Temp,I18,1,2
910,P3,0,E,38,6,0.0536,E6,NA,Non_evo,4,pH_Sal_Temp,I18,1,2
911,P3,2,B,38,6,0.1225,B6,NA,Non_evo,1,Temp,I18,1,2
912,P3,2,C,38,6,0.0411,C6,NA,Non_evo,2,pH_Temp,I18,1,2
913,P3,2,D,38,6,0.0878,D6,NA,Non_evo,3,Sal_Temp,I18,1,2
914,P3,2,E,38,6,0.04,E6,NA,Non_evo,4,pH_Sal_Temp,I18,1,2
915,P3,0,B,20,7,0.0754,B7,NA,Non_evo,1,Control,I18,1,3
916,P3,0,C,20,7,0.0665,C7,NA,Non_evo,2,pH,I18,1,3
917,P3,0,D,20,7,0.0674,D7,NA,Non_evo,3,Sal,I18,1,3
918,P3,0,E,20,7,0.0642,E7,NA,Non_evo,4,pH_Sal,I18,1,3
919,P3,2,B,20,7,0.3848,B7,NA,Non_evo,1,Control,I18,1,3
920,P3,2,C,20,7,0.1467,C7,NA,Non_evo,2,pH,I18,1,3
921,P3,2,D,20,7,0.3257,D7,NA,Non_evo,3,Sal,I18,1,3
922,P3,2,E,20,7,0.1323,E7,NA,Non_evo,4,pH_Sal,I18,1,3
923,P3,0,B,38,7,0.0621,B7,NA,Non_evo,1,Temp,I18,1,3
924,P3,0,C,38,7,0.0504,C7,NA,Non_evo,2,pH_Temp,I18,1,3
925,P3,0,D,38,7,0.0572,D7,NA,Non_evo,3,Sal_Temp,I18,1,3
926,P3,0,E,38,7,0.0536,E7,NA,Non_evo,4,pH_Sal_Temp,I18,1,3
927,P3,2,B,38,7,0.1133,B7,NA,Non_evo,1,Temp,I18,1,3
928,P3,2,C,38,7,0.04,C7,NA,Non_evo,2,pH_Temp,I18,1,3
929,P3,2,D,38,7,0.0863,D7,NA,Non_evo,3,Sal_Temp,I18,1,3
930,P3,2,E,38,7,0.04,E7,NA,Non_evo,4,pH_Sal_Temp,I18,1,3
931,P4,0,B,20,2,0.0798,B2,NA,Non_evo,1,Control,I20,1,1
932,P4,0,C,20,2,0.0781,C2,NA,Non_evo,2,pH,I20,1,1
933,P4,0,D,20,2,0.0727,D2,NA,Non_evo,3,Sal,I20,1,1
934,P4,0,E,20,2,0.0694,E2,NA,Non_evo,4,pH_Sal,I20,1,1
935,P4,2,B,20,2,0.8402,B2,NA,Non_evo,1,Control,I20,1,1
936,P4,2,C,20,2,0.8214,C2,NA,Non_evo,2,pH,I20,1,1
937,P4,2,D,20,2,0.4497,D2,NA,Non_evo,3,Sal,I20,1,1
938,P4,2,E,20,2,0.428,E2,NA,Non_evo,4,pH_Sal,I20,1,1
939,P4,0,B,38,2,0.0846,B2,NA,Non_evo,1,Temp,I20,1,1
940,P4,0,C,38,2,0.0791,C2,NA,Non_evo,2,pH_Temp,I20,1,1
941,P4,0,D,38,2,0.0667,D2,NA,Non_evo,3,Sal_Temp,I20,1,1
942,P4,0,E,38,2,0.0908,E2,NA,Non_evo,4,pH_Sal_Temp,I20,1,1
943,P4,2,B,38,2,0.7742,B2,NA,Non_evo,1,Temp,I20,1,1
944,P4,2,C,38,2,0.7364,C2,NA,Non_evo,2,pH_Temp,I20,1,1
945,P4,2,D,38,2,0.4623,D2,NA,Non_evo,3,Sal_Temp,I20,1,1
946,P4,2,E,38,2,0.1452,E2,NA,Non_evo,4,pH_Sal_Temp,I20,1,1
947,P4,0,B,20,3,0.0801,B3,NA,Non_evo,1,Control,I20,1,2
948,P4,0,C,20,3,0.0778,C3,NA,Non_evo,2,pH,I20,1,2
949,P4,0,D,20,3,0.0741,D3,NA,Non_evo,3,Sal,I20,1,2
950,P4,0,E,20,3,0.0702,E3,NA,Non_evo,4,pH_Sal,I20,1,2
951,P4,2,B,20,3,0.8371,B3,NA,Non_evo,1,Control,I20,1,2
952,P4,2,C,20,3,0.7942,C3,NA,Non_evo,2,pH,I20,1,2
953,P4,2,D,20,3,0.4889,D3,NA,Non_evo,3,Sal,I20,1,2
954,P4,2,E,20,3,0.4614,E3,NA,Non_evo,4,pH_Sal,I20,1,2
955,P4,0,B,38,3,0.0825,B3,NA,Non_evo,1,Temp,I20,1,2
956,P4,0,C,38,3,0.0799,C3,NA,Non_evo,2,pH_Temp,I20,1,2
957,P4,0,D,38,3,0.0665,D3,NA,Non_evo,3,Sal_Temp,I20,1,2
958,P4,0,E,38,3,0.0913,E3,NA,Non_evo,4,pH_Sal_Temp,I20,1,2
959,P4,2,B,38,3,0.764,B3,NA,Non_evo,1,Temp,I20,1,2
960,P4,2,C,38,3,0.7441,C3,NA,Non_evo,2,pH_Temp,I20,1,2
961,P4,2,D,38,3,0.4434,D3,NA,Non_evo,3,Sal_Temp,I20,1,2
962,P4,2,E,38,3,0.1478,E3,NA,Non_evo,4,pH_Sal_Temp,I20,1,2
963,P4,0,B,20,4,0.079,B4,NA,Non_evo,1,Control,I20,1,3
964,P4,0,C,20,4,0.078,C4,NA,Non_evo,2,pH,I20,1,3
965,P4,0,D,20,4,0.072,D4,NA,Non_evo,3,Sal,I20,1,3
966,P4,0,E,20,4,0.0699,E4,NA,Non_evo,4,pH_Sal,I20,1,3
967,P4,2,B,20,4,0.8221,B4,NA,Non_evo,1,Control,I20,1,3
968,P4,2,C,20,4,0.7965,C4,NA,Non_evo,2,pH,I20,1,3
969,P4,2,D,20,4,0.5008,D4,NA,Non_evo,3,Sal,I20,1,3
970,P4,2,E,20,4,0.4563,E4,NA,Non_evo,4,pH_Sal,I20,1,3
971,P4,0,B,38,4,0.0848,B4,NA,Non_evo,1,Temp,I20,1,3
972,P4,0,C,38,4,0.0822,C4,NA,Non_evo,2,pH_Temp,I20,1,3
973,P4,0,D,38,4,0.0664,D4,NA,Non_evo,3,Sal_Temp,I20,1,3
974,P4,0,E,38,4,0.0911,E4,NA,Non_evo,4,pH_Sal_Temp,I20,1,3
975,P4,2,B,38,4,0.7631,B4,NA,Non_evo,1,Temp,I20,1,3
976,P4,2,C,38,4,0.7153,C4,NA,Non_evo,2,pH_Temp,I20,1,3
977,P4,2,D,38,4,0.4078,D4,NA,Non_evo,3,Sal_Temp,I20,1,3
978,P4,2,E,38,4,0.1322,E4,NA,Non_evo,4,pH_Sal_Temp,I20,1,3
979,P4,0,B,20,5,0.0689,B5,NA,Non_evo,1,Control,I22,1,1
980,P4,0,C,20,5,0.0722,C5,NA,Non_evo,2,pH,I22,1,1
981,P4,0,D,20,5,0.0754,D5,NA,Non_evo,3,Sal,I22,1,1
982,P4,0,E,20,5,0.0748,E5,NA,Non_evo,4,pH_Sal,I22,1,1
983,P4,2,B,20,5,0.4725,B5,NA,Non_evo,1,Control,I22,1,1
984,P4,2,C,20,5,0.5027,C5,NA,Non_evo,2,pH,I22,1,1
985,P4,2,D,20,5,0.4078,D5,NA,Non_evo,3,Sal,I22,1,1
986,P4,2,E,20,5,0.4641,E5,NA,Non_evo,4,pH_Sal,I22,1,1
987,P4,0,B,38,5,0.0493,B5,NA,Non_evo,1,Temp,I22,1,1
988,P4,0,C,38,5,0.0483,C5,NA,Non_evo,2,pH_Temp,I22,1,1
989,P4,0,D,38,5,0.0544,D5,NA,Non_evo,3,Sal_Temp,I22,1,1
990,P4,0,E,38,5,0.0629,E5,NA,Non_evo,4,pH_Sal_Temp,I22,1,1
991,P4,2,B,38,5,0.04,B5,NA,Non_evo,1,Temp,I22,1,1
992,P4,2,C,38,5,0.2837,C5,NA,Non_evo,2,pH_Temp,I22,1,1
993,P4,2,D,38,5,0.1133,D5,NA,Non_evo,3,Sal_Temp,I22,1,1
994,P4,2,E,38,5,0.1177,E5,NA,Non_evo,4,pH_Sal_Temp,I22,1,1
995,P4,0,B,20,6,0.0715,B6,NA,Non_evo,1,Control,I22,1,2
996,P4,0,C,20,6,0.0724,C6,NA,Non_evo,2,pH,I22,1,2
997,P4,0,D,20,6,0.0749,D6,NA,Non_evo,3,Sal,I22,1,2
998,P4,0,E,20,6,0.0764,E6,NA,Non_evo,4,pH_Sal,I22,1,2
999,P4,2,B,20,6,0.4751,B6,NA,Non_evo,1,Control,I22,1,2
1000,P4,2,C,20,6,0.5106,C6,NA,Non_evo,2,pH,I22,1,2
1001,P4,2,D,20,6,0.4084,D6,NA,Non_evo,3,Sal,I22,1,2
1002,P4,2,E,20,6,0.4737,E6,NA,Non_evo,4,pH_Sal,I22,1,2
1003,P4,0,B,38,6,0.0502,B6,NA,Non_evo,1,Temp,I22,1,2
1004,P4,0,C,38,6,0.0486,C6,NA,Non_evo,2,pH_Temp,I22,1,2
1005,P4,0,D,38,6,0.054,D6,NA,Non_evo,3,Sal_Temp,I22,1,2
1006,P4,0,E,38,6,0.0631,E6,NA,Non_evo,4,pH_Sal_Temp,I22,1,2
1007,P4,2,B,38,6,0.04,B6,NA,Non_evo,1,Temp,I22,1,2
1008,P4,2,C,38,6,0.1565,C6,NA,Non_evo,2,pH_Temp,I22,1,2
1009,P4,2,D,38,6,0.1023,D6,NA,Non_evo,3,Sal_Temp,I22,1,2
1010,P4,2,E,38,6,0.1158,E6,NA,Non_evo,4,pH_Sal_Temp,I22,1,2
1011,P4,0,B,20,7,0.0712,B7,NA,Non_evo,1,Control,I22,1,3
1012,P4,0,C,20,7,0.073,C7,NA,Non_evo,2,pH,I22,1,3
1013,P4,0,D,20,7,0.0751,D7,NA,Non_evo,3,Sal,I22,1,3
1014,P4,0,E,20,7,0.0765,E7,NA,Non_evo,4,pH_Sal,I22,1,3
1015,P4,2,B,20,7,0.4702,B7,NA,Non_evo,1,Control,I22,1,3
1016,P4,2,C,20,7,0.4986,C7,NA,Non_evo,2,pH,I22,1,3
1017,P4,2,D,20,7,0.4202,D7,NA,Non_evo,3,Sal,I22,1,3
1018,P4,2,E,20,7,0.4692,E7,NA,Non_evo,4,pH_Sal,I22,1,3
1019,P4,0,B,38,7,0.0495,B7,NA,Non_evo,1,Temp,I22,1,3
1020,P4,0,C,38,7,0.0481,C7,NA,Non_evo,2,pH_Temp,I22,1,3
1021,P4,0,D,38,7,0.0541,D7,NA,Non_evo,3,Sal_Temp,I22,1,3
1022,P4,0,E,38,7,0.0631,E7,NA,Non_evo,4,pH_Sal_Temp,I22,1,3
1023,P4,2,B,38,7,0.04,B7,NA,Non_evo,1,Temp,I22,1,3
1024,P4,2,C,38,7,0.1719,C7,NA,Non_evo,2,pH_Temp,I22,1,3
1025,P4,2,D,38,7,0.0914,D7,NA,Non_evo,3,Sal_Temp,I22,1,3
1026,P4,2,E,38,7,0.1134,E7,NA,Non_evo,4,pH_Sal_Temp,I22,1,3
1027,P5,0,B,20,2,0.063,B2,NA,Non_evo,1,Control,I23,1,1
1028,P5,0,C,20,2,0.0689,C2,NA,Non_evo,2,pH,I23,1,1
1029,P5,0,D,20,2,0.0616,D2,NA,Non_evo,3,Sal,I23,1,1
1030,P5,0,E,20,2,0.0704,E2,NA,Non_evo,4,pH_Sal,I23,1,1
1031,P5,2,B,20,2,0.8906,B2,NA,Non_evo,1,Control,I23,1,1
1032,P5,2,C,20,2,0.7313,C2,NA,Non_evo,2,pH,I23,1,1
1033,P5,2,D,20,2,0.2295,D2,NA,Non_evo,3,Sal,I23,1,1
1034,P5,2,E,20,2,0.3458,E2,NA,Non_evo,4,pH_Sal,I23,1,1
1035,P5,0,B,38,2,0.0601,B2,NA,Non_evo,1,Temp,I23,1,1
1036,P5,0,C,38,2,0.0567,C2,NA,Non_evo,2,pH_Temp,I23,1,1
1037,P5,0,D,38,2,0.0464,D2,NA,Non_evo,3,Sal_Temp,I23,1,1
1038,P5,0,E,38,2,0.046,E2,NA,Non_evo,4,pH_Sal_Temp,I23,1,1
1039,P5,2,B,38,2,0.08,B2,NA,Non_evo,1,Temp,I23,1,1
1040,P5,2,C,38,2,0.0778,C2,NA,Non_evo,2,pH_Temp,I23,1,1
1041,P5,2,D,38,2,0.04,D2,NA,Non_evo,3,Sal_Temp,I23,1,1
1042,P5,2,E,38,2,0.04,E2,NA,Non_evo,4,pH_Sal_Temp,I23,1,1
1043,P5,0,B,20,3,0.0614,B3,NA,Non_evo,1,Control,I23,1,2
1044,P5,0,C,20,3,0.0684,C3,NA,Non_evo,2,pH,I23,1,2
1045,P5,0,D,20,3,0.0619,D3,NA,Non_evo,3,Sal,I23,1,2
1046,P5,0,E,20,3,0.0712,E3,NA,Non_evo,4,pH_Sal,I23,1,2
1047,P5,2,B,20,3,0.8798,B3,NA,Non_evo,1,Control,I23,1,2
1048,P5,2,C,20,3,0.6986,C3,NA,Non_evo,2,pH,I23,1,2
1049,P5,2,D,20,3,0.2387,D3,NA,Non_evo,3,Sal,I23,1,2
1050,P5,2,E,20,3,0.3447,E3,NA,Non_evo,4,pH_Sal,I23,1,2
1051,P5,0,B,38,3,0.0604,B3,NA,Non_evo,1,Temp,I23,1,2
1052,P5,0,C,38,3,0.057,C3,NA,Non_evo,2,pH_Temp,I23,1,2
1053,P5,0,D,38,3,0.047,D3,NA,Non_evo,3,Sal_Temp,I23,1,2
1054,P5,0,E,38,3,0.0464,E3,NA,Non_evo,4,pH_Sal_Temp,I23,1,2
1055,P5,2,B,38,3,0.0791,B3,NA,Non_evo,1,Temp,I23,1,2
1056,P5,2,C,38,3,0.0815,C3,NA,Non_evo,2,pH_Temp,I23,1,2
1057,P5,2,D,38,3,0.04,D3,NA,Non_evo,3,Sal_Temp,I23,1,2
1058,P5,2,E,38,3,0.04,E3,NA,Non_evo,4,pH_Sal_Temp,I23,1,2
1059,P5,0,B,20,4,0.0622,B4,NA,Non_evo,1,Control,I23,1,3
1060,P5,0,C,20,4,0.0689,C4,NA,Non_evo,2,pH,I23,1,3
1061,P5,0,D,20,4,0.0609,D4,NA,Non_evo,3,Sal,I23,1,3
1062,P5,0,E,20,4,0.0714,E4,NA,Non_evo,4,pH_Sal,I23,1,3
1063,P5,2,B,20,4,0.8836,B4,NA,Non_evo,1,Control,I23,1,3
1064,P5,2,C,20,4,0.7223,C4,NA,Non_evo,2,pH,I23,1,3
1065,P5,2,D,20,4,0.2448,D4,NA,Non_evo,3,Sal,I23,1,3
1066,P5,2,E,20,4,0.3548,E4,NA,Non_evo,4,pH_Sal,I23,1,3
1067,P5,0,B,38,4,0.0587,B4,NA,Non_evo,1,Temp,I23,1,3
1068,P5,0,C,38,4,0.0572,C4,NA,Non_evo,2,pH_Temp,I23,1,3
1069,P5,0,D,38,4,0.0455,D4,NA,Non_evo,3,Sal_Temp,I23,1,3
1070,P5,0,E,38,4,0.0457,E4,NA,Non_evo,4,pH_Sal_Temp,I23,1,3
1071,P5,2,B,38,4,0.0829,B4,NA,Non_evo,1,Temp,I23,1,3
1072,P5,2,C,38,4,0.0821,C4,NA,Non_evo,2,pH_Temp,I23,1,3
1073,P5,2,D,38,4,0.04,D4,NA,Non_evo,3,Sal_Temp,I23,1,3
1074,P5,2,E,38,4,0.04,E4,NA,Non_evo,4,pH_Sal_Temp,I23,1,3
1075,P5,0,B,20,5,0.0657,B5,NA,Non_evo,1,Control,D11,1,1
1076,P5,0,C,20,5,0.066,C5,NA,Non_evo,2,pH,D11,1,1
1077,P5,0,D,20,5,0.067,D5,NA,Non_evo,3,Sal,D11,1,1
1078,P5,0,E,20,5,0.0632,E5,NA,Non_evo,4,pH_Sal,D11,1,1
1079,P5,2,B,20,5,0.7617,B5,NA,Non_evo,1,Control,D11,1,1
1080,P5,2,C,20,5,0.6873,C5,NA,Non_evo,2,pH,D11,1,1
1081,P5,2,D,20,5,0.3338,D5,NA,Non_evo,3,Sal,D11,1,1
1082,P5,2,E,20,5,0.217,E5,NA,Non_evo,4,pH_Sal,D11,1,1
1083,P5,0,B,38,5,0.0737,B5,NA,Non_evo,1,Temp,D11,1,1
1084,P5,0,C,38,5,0.0635,C5,NA,Non_evo,2,pH_Temp,D11,1,1
1085,P5,0,D,38,5,0.0439,D5,NA,Non_evo,3,Sal_Temp,D11,1,1
1086,P5,0,E,38,5,0.0443,E5,NA,Non_evo,4,pH_Sal_Temp,D11,1,1
1087,P5,2,B,38,5,0.0902,B5,NA,Non_evo,1,Temp,D11,1,1
1088,P5,2,C,38,5,0.0453,C5,NA,Non_evo,2,pH_Temp,D11,1,1
1089,P5,2,D,38,5,0.04,D5,NA,Non_evo,3,Sal_Temp,D11,1,1
1090,P5,2,E,38,5,0.04,E5,NA,Non_evo,4,pH_Sal_Temp,D11,1,1
1091,P5,0,B,20,6,0.0671,B6,NA,Non_evo,1,Control,D11,1,2
1092,P5,0,C,20,6,0.0663,C6,NA,Non_evo,2,pH,D11,1,2
1093,P5,0,D,20,6,0.0678,D6,NA,Non_evo,3,Sal,D11,1,2
1094,P5,0,E,20,6,0.0629,E6,NA,Non_evo,4,pH_Sal,D11,1,2
1095,P5,2,B,20,6,0.767,B6,NA,Non_evo,1,Control,D11,1,2
1096,P5,2,C,20,6,0.6969,C6,NA,Non_evo,2,pH,D11,1,2
1097,P5,2,D,20,6,0.3309,D6,NA,Non_evo,3,Sal,D11,1,2
1098,P5,2,E,20,6,0.2238,E6,NA,Non_evo,4,pH_Sal,D11,1,2
1099,P5,0,B,38,6,0.0722,B6,NA,Non_evo,1,Temp,D11,1,2
1100,P5,0,C,38,6,0.0626,C6,NA,Non_evo,2,pH_Temp,D11,1,2
1101,P5,0,D,38,6,0.0439,D6,NA,Non_evo,3,Sal_Temp,D11,1,2
1102,P5,0,E,38,6,0.0444,E6,NA,Non_evo,4,pH_Sal_Temp,D11,1,2
1103,P5,2,B,38,6,0.0912,B6,NA,Non_evo,1,Temp,D11,1,2
1104,P5,2,C,38,6,0.0519,C6,NA,Non_evo,2,pH_Temp,D11,1,2
1105,P5,2,D,38,6,0.04,D6,NA,Non_evo,3,Sal_Temp,D11,1,2
1106,P5,2,E,38,6,0.04,E6,NA,Non_evo,4,pH_Sal_Temp,D11,1,2
1107,P5,0,B,20,7,0.0653,B7,NA,Non_evo,1,Control,D11,1,3
1108,P5,0,C,20,7,0.0639,C7,NA,Non_evo,2,pH,D11,1,3
1109,P5,0,D,20,7,0.067,D7,NA,Non_evo,3,Sal,D11,1,3
1110,P5,0,E,20,7,0.063,E7,NA,Non_evo,4,pH_Sal,D11,1,3
1111,P5,2,B,20,7,0.7551,B7,NA,Non_evo,1,Control,D11,1,3
1112,P5,2,C,20,7,0.6926,C7,NA,Non_evo,2,pH,D11,1,3
1113,P5,2,D,20,7,0.3146,D7,NA,Non_evo,3,Sal,D11,1,3
1114,P5,2,E,20,7,0.2241,E7,NA,Non_evo,4,pH_Sal,D11,1,3
1115,P5,0,B,38,7,0.0723,B7,NA,Non_evo,1,Temp,D11,1,3
1116,P5,0,C,38,7,0.0604,C7,NA,Non_evo,2,pH_Temp,D11,1,3
1117,P5,0,D,38,7,0.0436,D7,NA,Non_evo,3,Sal_Temp,D11,1,3
1118,P5,0,E,38,7,0.0442,E7,NA,Non_evo,4,pH_Sal_Temp,D11,1,3
1119,P5,2,B,38,7,0.0872,B7,NA,Non_evo,1,Temp,D11,1,3
1120,P5,2,C,38,7,0.0548,C7,NA,Non_evo,2,pH_Temp,D11,1,3
1121,P5,2,D,38,7,0.04,D7,NA,Non_evo,3,Sal_Temp,D11,1,3
1122,P5,2,E,38,7,0.04,E7,NA,Non_evo,4,pH_Sal_Temp,D11,1,3
1123,P6,0,B,20,2,0.0526,B2,NA,Non_evo,1,Control,D14,1,1
1124,P6,0,C,20,2,0.04,C2,NA,Non_evo,2,pH,D14,1,1
1125,P6,0,D,20,2,0.0559,D2,NA,Non_evo,3,Sal,D14,1,1
1126,P6,0,E,20,2,0.0519,E2,NA,Non_evo,4,pH_Sal,D14,1,1
1127,P6,2,B,20,2,0.6293,B2,NA,Non_evo,1,Control,D14,1,1
1128,P6,2,C,20,2,0.2752,C2,NA,Non_evo,2,pH,D14,1,1
1129,P6,2,D,20,2,0.2617,D2,NA,Non_evo,3,Sal,D14,1,1
1130,P6,2,E,20,2,0.11,E2,NA,Non_evo,4,pH_Sal,D14,1,1
1131,P6,0,B,38,2,0.0817,B2,NA,Non_evo,1,Temp,D14,1,1
1132,P6,0,C,38,2,0.0483,C2,NA,Non_evo,2,pH_Temp,D14,1,1
1133,P6,0,D,38,2,0.0603,D2,NA,Non_evo,3,Sal_Temp,D14,1,1
1134,P6,0,E,38,2,0.0498,E2,NA,Non_evo,4,pH_Sal_Temp,D14,1,1
1135,P6,2,B,38,2,0.4537,B2,NA,Non_evo,1,Temp,D14,1,1
1136,P6,2,C,38,2,0.0919,C2,NA,Non_evo,2,pH_Temp,D14,1,1
1137,P6,2,D,38,2,0.1683,D2,NA,Non_evo,3,Sal_Temp,D14,1,1
1138,P6,2,E,38,2,0.0649,E2,NA,Non_evo,4,pH_Sal_Temp,D14,1,1
1139,P6,0,B,20,3,0.0524,B3,NA,Non_evo,1,Control,D14,1,2
1140,P6,0,C,20,3,0.04,C3,NA,Non_evo,2,pH,D14,1,2
1141,P6,0,D,20,3,0.0558,D3,NA,Non_evo,3,Sal,D14,1,2
1142,P6,0,E,20,3,0.0536,E3,NA,Non_evo,4,pH_Sal,D14,1,2
1143,P6,2,B,20,3,0.6063,B3,NA,Non_evo,1,Control,D14,1,2
1144,P6,2,C,20,3,0.2848,C3,NA,Non_evo,2,pH,D14,1,2
1145,P6,2,D,20,3,0.2719,D3,NA,Non_evo,3,Sal,D14,1,2
1146,P6,2,E,20,3,0.112,E3,NA,Non_evo,4,pH_Sal,D14,1,2
1147,P6,0,B,38,3,0.0846,B3,NA,Non_evo,1,Temp,D14,1,2
1148,P6,0,C,38,3,0.049,C3,NA,Non_evo,2,pH_Temp,D14,1,2
1149,P6,0,D,38,3,0.0615,D3,NA,Non_evo,3,Sal_Temp,D14,1,2
1150,P6,0,E,38,3,0.0499,E3,NA,Non_evo,4,pH_Sal_Temp,D14,1,2
1151,P6,2,B,38,3,0.4695,B3,NA,Non_evo,1,Temp,D14,1,2
1152,P6,2,C,38,3,0.1084,C3,NA,Non_evo,2,pH_Temp,D14,1,2
1153,P6,2,D,38,3,0.1852,D3,NA,Non_evo,3,Sal_Temp,D14,1,2
1154,P6,2,E,38,3,0.061,E3,NA,Non_evo,4,pH_Sal_Temp,D14,1,2
1155,P6,0,B,20,4,0.0513,B4,NA,Non_evo,1,Control,D14,1,3
1156,P6,0,C,20,4,0.04,C4,NA,Non_evo,2,pH,D14,1,3
1157,P6,0,D,20,4,0.0562,D4,NA,Non_evo,3,Sal,D14,1,3
1158,P6,0,E,20,4,0.0521,E4,NA,Non_evo,4,pH_Sal,D14,1,3
1159,P6,2,B,20,4,0.6428,B4,NA,Non_evo,1,Control,D14,1,3
1160,P6,2,C,20,4,0.2924,C4,NA,Non_evo,2,pH,D14,1,3
1161,P6,2,D,20,4,0.2766,D4,NA,Non_evo,3,Sal,D14,1,3
1162,P6,2,E,20,4,0.1126,E4,NA,Non_evo,4,pH_Sal,D14,1,3
1163,P6,0,B,38,4,0.0825,B4,NA,Non_evo,1,Temp,D14,1,3
1164,P6,0,C,38,4,0.0486,C4,NA,Non_evo,2,pH_Temp,D14,1,3
1165,P6,0,D,38,4,0.0614,D4,NA,Non_evo,3,Sal_Temp,D14,1,3
1166,P6,0,E,38,4,0.0499,E4,NA,Non_evo,4,pH_Sal_Temp,D14,1,3
1167,P6,2,B,38,4,0.4807,B4,NA,Non_evo,1,Temp,D14,1,3
1168,P6,2,C,38,4,0.0941,C4,NA,Non_evo,2,pH_Temp,D14,1,3
1169,P6,2,D,38,4,0.178,D4,NA,Non_evo,3,Sal_Temp,D14,1,3
1170,P6,2,E,38,4,0.0532,E4,NA,Non_evo,4,pH_Sal_Temp,D14,1,3
1171,P6,0,B,20,5,0.0674,B5,NA,Non_evo,1,Control,D17,1,1
1172,P6,0,C,20,5,0.063,C5,NA,Non_evo,2,pH,D17,1,1
1173,P6,0,D,20,5,0.0681,D5,NA,Non_evo,3,Sal,D17,1,1
1174,P6,0,E,20,5,0.0656,E5,NA,Non_evo,4,pH_Sal,D17,1,1
1175,P6,2,B,20,5,0.6002,B5,NA,Non_evo,1,Control,D17,1,1
1176,P6,2,C,20,5,0.3729,C5,NA,Non_evo,2,pH,D17,1,1
1177,P6,2,D,20,5,0.3163,D5,NA,Non_evo,3,Sal,D17,1,1
1178,P6,2,E,20,5,0.2005,E5,NA,Non_evo,4,pH_Sal,D17,1,1
1179,P6,0,B,38,5,0.0657,B5,NA,Non_evo,1,Temp,D17,1,1
1180,P6,0,C,38,5,0.0535,C5,NA,Non_evo,2,pH_Temp,D17,1,1
1181,P6,0,D,38,5,0.043,D5,NA,Non_evo,3,Sal_Temp,D17,1,1
1182,P6,0,E,38,5,0.0422,E5,NA,Non_evo,4,pH_Sal_Temp,D17,1,1
1183,P6,2,B,38,5,0.0826,B5,NA,Non_evo,1,Temp,D17,1,1
1184,P6,2,C,38,5,0.0634,C5,NA,Non_evo,2,pH_Temp,D17,1,1
1185,P6,2,D,38,5,0.1452,D5,NA,Non_evo,3,Sal_Temp,D17,1,1
1186,P6,2,E,38,5,0.1209,E5,NA,Non_evo,4,pH_Sal_Temp,D17,1,1
1187,P6,0,B,20,6,0.0685,B6,NA,Non_evo,1,Control,D17,1,2
1188,P6,0,C,20,6,0.0638,C6,NA,Non_evo,2,pH,D17,1,2
1189,P6,0,D,20,6,0.0681,D6,NA,Non_evo,3,Sal,D17,1,2
1190,P6,0,E,20,6,0.0651,E6,NA,Non_evo,4,pH_Sal,D17,1,2
1191,P6,2,B,20,6,0.6042,B6,NA,Non_evo,1,Control,D17,1,2
1192,P6,2,C,20,6,0.3742,C6,NA,Non_evo,2,pH,D17,1,2
1193,P6,2,D,20,6,0.3123,D6,NA,Non_evo,3,Sal,D17,1,2
1194,P6,2,E,20,6,0.2033,E6,NA,Non_evo,4,pH_Sal,D17,1,2
1195,P6,0,B,38,6,0.0668,B6,NA,Non_evo,1,Temp,D17,1,2
1196,P6,0,C,38,6,0.054,C6,NA,Non_evo,2,pH_Temp,D17,1,2
1197,P6,0,D,38,6,0.043,D6,NA,Non_evo,3,Sal_Temp,D17,1,2
1198,P6,0,E,38,6,0.0423,E6,NA,Non_evo,4,pH_Sal_Temp,D17,1,2
1199,P6,2,B,38,6,0.1358,B6,NA,Non_evo,1,Temp,D17,1,2
1200,P6,2,C,38,6,0.0684,C6,NA,Non_evo,2,pH_Temp,D17,1,2
1201,P6,2,D,38,6,0.164,D6,NA,Non_evo,3,Sal_Temp,D17,1,2
1202,P6,2,E,38,6,0.1195,E6,NA,Non_evo,4,pH_Sal_Temp,D17,1,2
1203,P6,0,B,20,7,0.0678,B7,NA,Non_evo,1,Control,D17,1,3
1204,P6,0,C,20,7,0.0628,C7,NA,Non_evo,2,pH,D17,1,3
1205,P6,0,D,20,7,0.0672,D7,NA,Non_evo,3,Sal,D17,1,3
1206,P6,0,E,20,7,0.0653,E7,NA,Non_evo,4,pH_Sal,D17,1,3
1207,P6,2,B,20,7,0.5871,B7,NA,Non_evo,1,Control,D17,1,3
1208,P6,2,C,20,7,0.365,C7,NA,Non_evo,2,pH,D17,1,3
1209,P6,2,D,20,7,0.3095,D7,NA,Non_evo,3,Sal,D17,1,3
1210,P6,2,E,20,7,0.219,E7,NA,Non_evo,4,pH_Sal,D17,1,3
1211,P6,0,B,38,7,0.0658,B7,NA,Non_evo,1,Temp,D17,1,3
1212,P6,0,C,38,7,0.0535,C7,NA,Non_evo,2,pH_Temp,D17,1,3
1213,P6,0,D,38,7,0.0422,D7,NA,Non_evo,3,Sal_Temp,D17,1,3
1214,P6,0,E,38,7,0.0421,E7,NA,Non_evo,4,pH_Sal_Temp,D17,1,3
1215,P6,2,B,38,7,0.2086,B7,NA,Non_evo,1,Temp,D17,1,3
1216,P6,2,C,38,7,0.074,C7,NA,Non_evo,2,pH_Temp,D17,1,3
1217,P6,2,D,38,7,0.1903,D7,NA,Non_evo,3,Sal_Temp,D17,1,3
1218,P6,2,E,38,7,0.1358,E7,NA,Non_evo,4,pH_Sal_Temp,D17,1,3
1219,P7,0,B,20,2,0.0803,B2,NA,Non_evo,1,Control,I11,1,1
1220,P7,0,C,20,2,0.04,C2,NA,Non_evo,2,pH,I11,1,1
1221,P7,0,D,20,2,0.0781,D2,NA,Non_evo,3,Sal,I11,1,1
1222,P7,0,E,20,2,0.0653,E2,NA,Non_evo,4,pH_Sal,I11,1,1
1223,P7,2,B,20,2,0.4203,B2,NA,Non_evo,1,Control,I11,1,1
1224,P7,2,C,20,2,0.0698,C2,NA,Non_evo,2,pH,I11,1,1
1225,P7,2,D,20,2,0.4261,D2,NA,Non_evo,3,Sal,I11,1,1
1226,P7,2,E,20,2,0.2971,E2,NA,Non_evo,4,pH_Sal,I11,1,1
1227,P7,0,B,38,2,0.0543,B2,NA,Non_evo,1,Temp,I11,1,1
1228,P7,0,C,38,2,0.044,C2,NA,Non_evo,2,pH_Temp,I11,1,1
1229,P7,0,D,38,2,0.0659,D2,NA,Non_evo,3,Sal_Temp,I11,1,1
1230,P7,0,E,38,2,0.0454,E2,NA,Non_evo,4,pH_Sal_Temp,I11,1,1
1231,P7,2,B,38,2,0.0433,B2,NA,Non_evo,1,Temp,I11,1,1
1232,P7,2,C,38,2,0.04,C2,NA,Non_evo,2,pH_Temp,I11,1,1
1233,P7,2,D,38,2,0.2417,D2,NA,Non_evo,3,Sal_Temp,I11,1,1
1234,P7,2,E,38,2,0.0429,E2,NA,Non_evo,4,pH_Sal_Temp,I11,1,1
1235,P7,0,B,20,3,0.0799,B3,NA,Non_evo,1,Control,I11,1,2
1236,P7,0,C,20,3,0.04,C3,NA,Non_evo,2,pH,I11,1,2
1237,P7,0,D,20,3,0.0787,D3,NA,Non_evo,3,Sal,I11,1,2
1238,P7,0,E,20,3,0.0658,E3,NA,Non_evo,4,pH_Sal,I11,1,2
1239,P7,2,B,20,3,0.4291,B3,NA,Non_evo,1,Control,I11,1,2
1240,P7,2,C,20,3,0.0741,C3,NA,Non_evo,2,pH,I11,1,2
1241,P7,2,D,20,3,0.4308,D3,NA,Non_evo,3,Sal,I11,1,2
1242,P7,2,E,20,3,0.296,E3,NA,Non_evo,4,pH_Sal,I11,1,2
1243,P7,0,B,38,3,0.0538,B3,NA,Non_evo,1,Temp,I11,1,2
1244,P7,0,C,38,3,0.0445,C3,NA,Non_evo,2,pH_Temp,I11,1,2
1245,P7,0,D,38,3,0.0659,D3,NA,Non_evo,3,Sal_Temp,I11,1,2
1246,P7,0,E,38,3,0.0455,E3,NA,Non_evo,4,pH_Sal_Temp,I11,1,2
1247,P7,2,B,38,3,0.0428,B3,NA,Non_evo,1,Temp,I11,1,2
1248,P7,2,C,38,3,0.04,C3,NA,Non_evo,2,pH_Temp,I11,1,2
1249,P7,2,D,38,3,0.2253,D3,NA,Non_evo,3,Sal_Temp,I11,1,2
1250,P7,2,E,38,3,0.042,E3,NA,Non_evo,4,pH_Sal_Temp,I11,1,2
1251,P7,0,B,20,4,0.0778,B4,NA,Non_evo,1,Control,I11,1,3
1252,P7,0,C,20,4,0.04,C4,NA,Non_evo,2,pH,I11,1,3
1253,P7,0,D,20,4,0.077,D4,NA,Non_evo,3,Sal,I11,1,3
1254,P7,0,E,20,4,0.0661,E4,NA,Non_evo,4,pH_Sal,I11,1,3
1255,P7,2,B,20,4,0.4379,B4,NA,Non_evo,1,Control,I11,1,3
1256,P7,2,C,20,4,0.0703,C4,NA,Non_evo,2,pH,I11,1,3
1257,P7,2,D,20,4,0.4298,D4,NA,Non_evo,3,Sal,I11,1,3
1258,P7,2,E,20,4,0.2968,E4,NA,Non_evo,4,pH_Sal,I11,1,3
1259,P7,0,B,38,4,0.0529,B4,NA,Non_evo,1,Temp,I11,1,3
1260,P7,0,C,38,4,0.0438,C4,NA,Non_evo,2,pH_Temp,I11,1,3
1261,P7,0,D,38,4,0.065,D4,NA,Non_evo,3,Sal_Temp,I11,1,3
1262,P7,0,E,38,4,0.0451,E4,NA,Non_evo,4,pH_Sal_Temp,I11,1,3
1263,P7,2,B,38,4,0.0422,B4,NA,Non_evo,1,Temp,I11,1,3
1264,P7,2,C,38,4,0.04,C4,NA,Non_evo,2,pH_Temp,I11,1,3
1265,P7,2,D,38,4,0.2067,D4,NA,Non_evo,3,Sal_Temp,I11,1,3
1266,P7,2,E,38,4,0.0408,E4,NA,Non_evo,4,pH_Sal_Temp,I11,1,3
1267,P7,0,B,20,5,0.048,B5,NA,Non_evo,1,Control,I8,1,1
1268,P7,0,C,20,5,0.0421,C5,NA,Non_evo,2,pH,I8,1,1
1269,P7,0,D,20,5,0.0571,D5,NA,Non_evo,3,Sal,I8,1,1
1270,P7,0,E,20,5,0.053,E5,NA,Non_evo,4,pH_Sal,I8,1,1
1271,P7,2,B,20,5,0.5147,B5,NA,Non_evo,1,Control,I8,1,1
1272,P7,2,C,20,5,0.868,C5,NA,Non_evo,2,pH,I8,1,1
1273,P7,2,D,20,5,0.6139,D5,NA,Non_evo,3,Sal,I8,1,1
1274,P7,2,E,20,5,0.707,E5,NA,Non_evo,4,pH_Sal,I8,1,1
1275,P7,0,B,38,5,0.0569,B5,NA,Non_evo,1,Temp,I8,1,1
1276,P7,0,C,38,5,0.0577,C5,NA,Non_evo,2,pH_Temp,I8,1,1
1277,P7,0,D,38,5,0.0585,D5,NA,Non_evo,3,Sal_Temp,I8,1,1
1278,P7,0,E,38,5,0.06,E5,NA,Non_evo,4,pH_Sal_Temp,I8,1,1
1279,P7,2,B,38,5,0.0453,B5,NA,Non_evo,1,Temp,I8,1,1
1280,P7,2,C,38,5,0.0441,C5,NA,Non_evo,2,pH_Temp,I8,1,1
1281,P7,2,D,38,5,0.0425,D5,NA,Non_evo,3,Sal_Temp,I8,1,1
1282,P7,2,E,38,5,0.0504,E5,NA,Non_evo,4,pH_Sal_Temp,I8,1,1
1283,P7,0,B,20,6,0.0496,B6,NA,Non_evo,1,Control,I8,1,2
1284,P7,0,C,20,6,0.0416,C6,NA,Non_evo,2,pH,I8,1,2
1285,P7,0,D,20,6,0.0587,D6,NA,Non_evo,3,Sal,I8,1,2
1286,P7,0,E,20,6,0.0536,E6,NA,Non_evo,4,pH_Sal,I8,1,2
1287,P7,2,B,20,6,0.5563,B6,NA,Non_evo,1,Control,I8,1,2
1288,P7,2,C,20,6,0.8691,C6,NA,Non_evo,2,pH,I8,1,2
1290,P7,2,E,20,6,0.6615,E6,NA,Non_evo,4,pH_Sal,I8,1,2
1291,P7,0,B,38,6,0.0576,B6,NA,Non_evo,1,Temp,I8,1,2
1292,P7,0,C,38,6,0.0584,C6,NA,Non_evo,2,pH_Temp,I8,1,2
1293,P7,0,D,38,6,0.0583,D6,NA,Non_evo,3,Sal_Temp,I8,1,2
1294,P7,0,E,38,6,0.0606,E6,NA,Non_evo,4,pH_Sal_Temp,I8,1,2
1295,P7,2,B,38,6,0.0461,B6,NA,Non_evo,1,Temp,I8,1,2
1296,P7,2,C,38,6,0.0457,C6,NA,Non_evo,2,pH_Temp,I8,1,2
1297,P7,2,D,38,6,0.0421,D6,NA,Non_evo,3,Sal_Temp,I8,1,2
1298,P7,2,E,38,6,0.0497,E6,NA,Non_evo,4,pH_Sal_Temp,I8,1,2
1299,P7,0,B,20,7,0.0475,B7,NA,Non_evo,1,Control,I8,1,3
1300,P7,0,C,20,7,0.0421,C7,NA,Non_evo,2,pH,I8,1,3
1301,P7,0,D,20,7,0.058,D7,NA,Non_evo,3,Sal,I8,1,3
1302,P7,0,E,20,7,0.0541,E7,NA,Non_evo,4,pH_Sal,I8,1,3
1303,P7,2,B,20,7,0.5941,B7,NA,Non_evo,1,Control,I8,1,3
1304,P7,2,C,20,7,0.8459,C7,NA,Non_evo,2,pH,I8,1,3
1305,P7,2,D,20,7,0.686,D7,NA,Non_evo,3,Sal,I8,1,3
1306,P7,2,E,20,7,0.6715,E7,NA,Non_evo,4,pH_Sal,I8,1,3
1307,P7,0,B,38,7,0.0567,B7,NA,Non_evo,1,Temp,I8,1,3
1308,P7,0,C,38,7,0.0579,C7,NA,Non_evo,2,pH_Temp,I8,1,3
1309,P7,0,D,38,7,0.0567,D7,NA,Non_evo,3,Sal_Temp,I8,1,3
1310,P7,0,E,38,7,0.06,E7,NA,Non_evo,4,pH_Sal_Temp,I8,1,3
1311,P7,2,B,38,7,0.0448,B7,NA,Non_evo,1,Temp,I8,1,3
1312,P7,2,C,38,7,0.0452,C7,NA,Non_evo,2,pH_Temp,I8,1,3
1313,P7,2,D,38,7,0.0406,D7,NA,Non_evo,3,Sal_Temp,I8,1,3
1314,P7,2,E,38,7,0.0496,E7,NA,Non_evo,4,pH_Sal_Temp,I8,1,3